"module name","license","repository","license URL","parent path"
"abbrev@1.0.7","ISC","git+ssh://git@github.com/isaacs/abbrev-js","git+ssh://git@github.com/isaacs/abbrev-js/raw/master/LICENSE","nopt:node-pre-gyp:fsevents:chokidar:nodemon:gulp-nodemon:HelpNow"
"abbrev@1.0.9","ISC","git+ssh://git@github.com/isaacs/abbrev-js","git+ssh://git@github.com/isaacs/abbrev-js/raw/master/LICENSE","nopt:touch:nodemon:gulp-nodemon:HelpNow"
"accepts@1.2.13","MIT","git+https://github.com/jshttp/accepts","git+https://github.com/jshttp/accepts/raw/master/LICENSE","express:HelpNow"
"addressparser@1.0.1","MIT","git+https://github.com/andris9/addressparser","git+https://github.com/andris9/addressparser/raw/master/LICENSE","buildmail:mailcomposer:nodemailer:HelpNow"
"align-text@0.1.4","MIT","https://github.com/jonschlinkert/align-text","https://github.com/jonschlinkert/align-text/raw/master/LICENSE","center-align:cliui:yargs:uglify-js:gulp-uglify:HelpNow"
"amdefine@1.0.0","BSD-3-Clause AND MIT","git+https://github.com/jrburke/amdefine","git+https://github.com/jrburke/amdefine/raw/master/LICENSE","source-map:postcss:myth:gulp-myth:HelpNow"
"ansi-regex@2.0.0","MIT","git+https://github.com/sindresorhus/ansi-regex","git+https://github.com/sindresorhus/ansi-regex/raw/master/license","has-ansi:chalk:gulp:HelpNow"
"ansi-styles@2.2.1","MIT","git+https://github.com/chalk/ansi-styles","git+https://github.com/chalk/ansi-styles/raw/master/license","chalk:gulp:HelpNow"
"ansi@0.3.1","MIT","https://github.com/TooTallNate/ansi.js","https://github.com/TooTallNate/ansi.js/raw/master/LICENSE","fsevents:chokidar:nodemon:gulp-nodemon:HelpNow"
"anymatch@1.3.0","ISC","git+https://github.com/es128/anymatch","git+https://github.com/es128/anymatch/raw/master/LICENSE","chokidar:nodemon:gulp-nodemon:HelpNow"
"archy@1.0.0","MIT","git+ssh://git@github.com/substack/node-archy","git+ssh://git@github.com/substack/node-archy/raw/master/LICENSE","gulp:HelpNow"
"are-we-there-yet@1.1.2","ISC","git+https://github.com/iarna/are-we-there-yet","git+https://github.com/iarna/are-we-there-yet/raw/master/LICENSE","fsevents:chokidar:nodemon:gulp-nodemon:HelpNow"
"arr-diff@2.0.0","MIT","git+https://github.com/jonschlinkert/arr-diff","git+https://github.com/jonschlinkert/arr-diff/raw/master/LICENSE","micromatch:findup-sync:liftoff:gulp:HelpNow"
"arr-flatten@1.0.1","MIT","https://github.com/jonschlinkert/arr-flatten","https://github.com/jonschlinkert/arr-flatten/blob/master/LICENSE","arr-diff:micromatch:findup-sync:liftoff:gulp:HelpNow"
"array-differ@1.0.0","MIT","https://github.com/sindresorhus/array-differ","https://github.com/sindresorhus/array-differ","gulp-util:gulp:HelpNow"
"array-find-index@1.0.1","MIT","git+https://github.com/sindresorhus/array-find-index","git+https://github.com/sindresorhus/array-find-index/raw/master/license","currently-unhandled:loud-rejection:meow:dateformat:gulp-util:gulp:HelpNow"
"array-flatten@1.1.1","MIT","https://github.com/blakeembrey/array-flatten","https://github.com/blakeembrey/array-flatten/raw/master/LICENSE","express:HelpNow"
"array-uniq@1.0.3","MIT","git+https://github.com/sindresorhus/array-uniq","git+https://github.com/sindresorhus/array-uniq/raw/master/license","gulp-util:gulp:HelpNow"
"array-unique@0.2.1","MIT","https://github.com/jonschlinkert/array-unique","https://github.com/jonschlinkert/array-unique/blob/master/LICENSE","micromatch:findup-sync:liftoff:gulp:HelpNow"
"arrify@1.0.1","MIT","git+https://github.com/sindresorhus/arrify","git+https://github.com/sindresorhus/arrify/raw/master/license","anymatch:chokidar:nodemon:gulp-nodemon:HelpNow"
"asn1@0.2.3","MIT","https://github.com/mcavage/node-asn1","https://github.com/mcavage/node-asn1/raw/master/LICENSE","fsevents:chokidar:nodemon:gulp-nodemon:HelpNow"
"assert-plus@0.2.0","MIT","git+https://github.com/mcavage/node-assert-plus","git+https://github.com/mcavage/node-assert-plus","fsevents:chokidar:nodemon:gulp-nodemon:HelpNow"
"assert-plus@1.0.0","MIT","git+https://github.com/mcavage/node-assert-plus","git+https://github.com/mcavage/node-assert-plus","dashdash:fsevents:chokidar:nodemon:gulp-nodemon:HelpNow"
"async-each@1.0.0","MIT","https://github.com/paulmillr/async-each","https://github.com/paulmillr/async-each","chokidar:nodemon:gulp-nodemon:HelpNow"
"async@0.2.10","MIT","git+https://github.com/caolan/async","https://github.com/caolan/async/raw/master/LICENSE","uglify-js:gulp-uglify:HelpNow"
"async@1.5.2","MIT","git+https://github.com/caolan/async","git+https://github.com/caolan/async","fsevents:chokidar:nodemon:gulp-nodemon:HelpNow"
"atob@1.1.3","(MIT OR Apache-2.0)","https://github.com/coolaj86/node-browser-compat","https://github.com/coolaj86/node-browser-compat/raw/master/LICENSE","source-map-resolve:css:rework:myth:gulp-myth:HelpNow"
"autoprefixer-core@5.2.1","MIT","git+https://github.com/postcss/autoprefixer-core","git+https://github.com/postcss/autoprefixer-core/raw/master/LICENSE","myth:gulp-myth:HelpNow"
"aws-sdk@2.4.0","Apache-2.0","https://github.com/aws/aws-sdk-js","https://github.com/aws/aws-sdk-js/raw/master/LICENSE.txt","nodemailer-ses-transport:HelpNow"
"aws-sign2@0.6.0","Apache-2.0","git+https://github.com/mikeal/aws-sign","git+https://github.com/mikeal/aws-sign/raw/master/LICENSE","fsevents:chokidar:nodemon:gulp-nodemon:HelpNow"
"aws4@1.3.2","MIT","git+https://github.com/mhart/aws4","git+https://github.com/mhart/aws4/raw/master/LICENSE","fsevents:chokidar:nodemon:gulp-nodemon:HelpNow"
"aws4@1.4.1","MIT","git+https://github.com/mhart/aws4","git+https://github.com/mhart/aws4/raw/master/LICENSE","request:request-promise:HelpNow"
"balanced-match@0.0.0","MIT","https://github.com/juliangruber/balanced-match","https://github.com/juliangruber/balanced-match","rework-color-function:myth:gulp-myth:HelpNow"
"balanced-match@0.1.0","MIT","https://github.com/juliangruber/balanced-match","https://github.com/juliangruber/balanced-match","rework-calc:myth:gulp-myth:HelpNow"
"balanced-match@0.3.0","MIT","https://github.com/juliangruber/balanced-match","https://github.com/juliangruber/balanced-match/raw/master/LICENSE.md","brace-expansion:minimatch:glob:rimraf:fsevents:chokidar:nodemon:gulp-nodemon:HelpNow"
"balanced-match@0.4.1","MIT","https://github.com/juliangruber/balanced-match","https://github.com/juliangruber/balanced-match/raw/master/LICENSE.md","brace-expansion:minimatch:glob-stream:vinyl-fs:gulp:HelpNow"
"base64-url@1.2.2","ISC","https://github.com/joaquimserafim/base64-url","https://github.com/joaquimserafim/base64-url/raw/master/LICENSE","ecdsa-sig-formatter:jwa:jws:jsonwebtoken:passport-jwt:HelpNow"
"base64url@1.0.6","MIT","https://github.com/brianloveswords/base64url","https://github.com/brianloveswords/base64url/raw/master/LICENSE","jws:jsonwebtoken:passport-jwt:HelpNow"
"basic-auth@1.0.4","MIT","git+https://github.com/jshttp/basic-auth","git+https://github.com/jshttp/basic-auth/raw/master/LICENSE","morgan:HelpNow"
"bcrypt-nodejs@0.0.3","UNKNOWN","git+https://github.com/shaneGirish/bcryptJS","git+https://github.com/shaneGirish/bcryptJS/raw/master/LICENSE","HelpNow"
"beeper@1.1.0","MIT","git+https://github.com/sindresorhus/beeper","git+https://github.com/sindresorhus/beeper/raw/master/license","gulp-util:gulp:HelpNow"
"bignumber.js@2.3.0","MIT","git+https://github.com/MikeMcl/bignumber.js","git+https://github.com/MikeMcl/bignumber.js/raw/master/LICENCE","mysql:HelpNow"
"binary-extensions@1.4.1","MIT","git+https://github.com/sindresorhus/binary-extensions","git+https://github.com/sindresorhus/binary-extensions/raw/master/license","is-binary-path:chokidar:nodemon:gulp-nodemon:HelpNow"
"bl@1.0.3","MIT","git+https://github.com/rvagg/bl","git+https://github.com/rvagg/bl/raw/master/LICENSE.md","fsevents:chokidar:nodemon:gulp-nodemon:HelpNow"
"bl@1.1.2","MIT","git+https://github.com/rvagg/bl","git+https://github.com/rvagg/bl/raw/master/LICENSE.md","request:request-promise:HelpNow"
"block-stream@0.0.8","ISC","https://github.com/isaacs/block-stream","https://github.com/isaacs/block-stream/raw/master/LICENCE","fsevents:chokidar:nodemon:gulp-nodemon:HelpNow"
"bluebird@2.10.2","MIT","https://github.com/petkaantonov/bluebird","https://github.com/petkaantonov/bluebird/raw/master/LICENSE","request-promise:HelpNow"
"bluebird@3.4.1","MIT","https://github.com/petkaantonov/bluebird","https://github.com/petkaantonov/bluebird/raw/master/LICENSE","HelpNow"
"body-parser@1.13.3","MIT","git+https://github.com/expressjs/body-parser","git+https://github.com/expressjs/body-parser/raw/master/LICENSE","HelpNow"
"boom@2.10.1","BSD-3-Clause","https://github.com/hapijs/boom","https://github.com/hapijs/boom/raw/master/LICENSE","fsevents:chokidar:nodemon:gulp-nodemon:HelpNow"
"brace-expansion@1.1.3","MIT","https://github.com/juliangruber/brace-expansion","https://github.com/juliangruber/brace-expansion","minimatch:glob:rimraf:fsevents:chokidar:nodemon:gulp-nodemon:HelpNow"
"brace-expansion@1.1.5","MIT","https://github.com/juliangruber/brace-expansion","https://github.com/juliangruber/brace-expansion","minimatch:glob-stream:vinyl-fs:gulp:HelpNow"
"braces@1.8.5","MIT","git+https://github.com/jonschlinkert/braces","git+https://github.com/jonschlinkert/braces/raw/master/LICENSE","micromatch:findup-sync:liftoff:gulp:HelpNow"
"browserslist@0.4.0","MIT","git+https://github.com/ai/browserslist","git+https://github.com/ai/browserslist/raw/master/LICENSE","autoprefixer-core:myth:gulp-myth:HelpNow"
"buffer-equal-constant-time@1.0.1","BSD-3-Clause","git+ssh://git@github.com/goinstant/buffer-equal-constant-time","git+ssh://git@github.com/goinstant/buffer-equal-constant-time/raw/master/LICENSE.txt","jwa:jws:jsonwebtoken:passport-jwt:HelpNow"
"buffer-shims@1.0.0","MIT","git+ssh://git@github.com/calvinmetcalf/buffer-shims","git+ssh://git@github.com/calvinmetcalf/buffer-shims/raw/master/license.md","readable-stream:readdirp:chokidar:nodemon:gulp-nodemon:HelpNow"
"buildmail@3.7.0","MIT","https://github.com/andris9/buildmail","https://github.com/andris9/buildmail/raw/master/LICENSE","mailcomposer:nodemailer:HelpNow"
"builtin-modules@1.1.1","MIT","git+https://github.com/sindresorhus/builtin-modules","git+https://github.com/sindresorhus/builtin-modules/raw/master/license","is-builtin-module:normalize-package-data:meow:dateformat:gulp-util:gulp:HelpNow"
"bytes@1.0.0","UNKNOWN","git+https://github.com/visionmedia/bytes.js","git+https://github.com/visionmedia/bytes.js","raw-body:express-http-proxy:HelpNow"
"bytes@2.1.0","MIT","https://github.com/visionmedia/bytes.js","https://github.com/visionmedia/bytes.js","body-parser:HelpNow"
"bytes@2.4.0","MIT","git+https://github.com/visionmedia/bytes.js","git+https://github.com/visionmedia/bytes.js/raw/master/LICENSE","raw-body:body-parser:HelpNow"
"camelcase-keys@1.0.0","MIT","git+https://github.com/sindresorhus/camelcase-keys","git+https://github.com/sindresorhus/camelcase-keys","meow:base64url:jws:jsonwebtoken:passport-jwt:HelpNow"
"camelcase-keys@2.1.0","MIT","git+https://github.com/sindresorhus/camelcase-keys","git+https://github.com/sindresorhus/camelcase-keys/raw/master/license","meow:dateformat:gulp-util:gulp:HelpNow"
"camelcase@1.2.1","MIT","git+https://github.com/sindresorhus/camelcase","git+https://github.com/sindresorhus/camelcase/raw/master/license","yargs:uglify-js:gulp-uglify:HelpNow"
"camelcase@2.1.1","MIT","git+https://github.com/sindresorhus/camelcase","git+https://github.com/sindresorhus/camelcase/raw/master/license","camelcase-keys:meow:dateformat:gulp-util:gulp:HelpNow"
"caniuse-db@1.0.30000485","CC-BY-4.0","git+https://github.com/Fyrd/caniuse","git+https://github.com/Fyrd/caniuse/raw/master/LICENSE","autoprefixer-core:myth:gulp-myth:HelpNow"
"caseless@0.11.0","Apache-2.0","git+https://github.com/mikeal/caseless","git+https://github.com/mikeal/caseless/raw/master/LICENSE","fsevents:chokidar:nodemon:gulp-nodemon:HelpNow"
"center-align@0.1.3","MIT","git+https://github.com/jonschlinkert/center-align","git+https://github.com/jonschlinkert/center-align/raw/master/LICENSE","cliui:yargs:uglify-js:gulp-uglify:HelpNow"
"chalk@1.1.3","MIT","git+https://github.com/chalk/chalk","git+https://github.com/chalk/chalk/raw/master/license","gulp:HelpNow"
"chokidar@1.5.2","MIT","git+https://github.com/paulmillr/chokidar","git+https://github.com/paulmillr/chokidar","nodemon:gulp-nodemon:HelpNow"
"cli@0.6.6","MIT","git+ssh://git@github.com/chriso/cli","git+ssh://git@github.com/chriso/cli","jshint:gulp-jshint:HelpNow"
"cliui@2.1.0","ISC","git+ssh://git@github.com/bcoe/cliui","git+ssh://git@github.com/bcoe/cliui/raw/master/LICENSE.txt","yargs:uglify-js:gulp-uglify:HelpNow"
"clone-component@0.2.2","UNKNOWN","git+https://github.com/component/clone","git+https://github.com/component/clone","myth:gulp-myth:HelpNow"
"clone-stats@0.0.1","MIT","https://github.com/hughsk/clone-stats","https://github.com/hughsk/clone-stats/raw/master/LICENSE.md","vinyl:gulp-util:gulp:HelpNow"
"clone@0.2.0","MIT","https://github.com/pvorb/node-clone","https://github.com/pvorb/node-clone/raw/master/LICENSE","vinyl:vinyl-fs:gulp:HelpNow"
"clone@1.0.2","MIT","https://github.com/pvorb/node-clone","https://github.com/pvorb/node-clone/raw/master/LICENSE","vinyl:gulp-util:gulp:HelpNow"
"color-convert@1.3.1","MIT","git+https://github.com/qix-/color-convert","git+https://github.com/qix-/color-convert/raw/master/LICENSE","color:css-color-function:rework-color-function:myth:gulp-myth:HelpNow"
"color-name@1.1.1","MIT","git+ssh://git@github.com/dfcreative/color-name","git+ssh://git@github.com/dfcreative/color-name/raw/master/LICENSE","color-string:color:css-color-function:rework-color-function:myth:gulp-myth:HelpNow"
"color-string@0.3.0","MIT","git+ssh://git@github.com/harthur/color-string","git+ssh://git@github.com/harthur/color-string/raw/master/LICENSE","color:css-color-function:rework-color-function:myth:gulp-myth:HelpNow"
"color@0.11.2","MIT","git+https://github.com/qix-/color","git+https://github.com/qix-/color/raw/master/LICENSE","css-color-function:rework-color-function:myth:gulp-myth:HelpNow"
"colors@0.6.2","UNKNOWN","git+ssh://git@github.com/Marak/colors.js","git+ssh://git@github.com/Marak/colors.js/raw/master/MIT-LICENSE.txt","myth:gulp-myth:HelpNow"
"colors@1.1.2","MIT","git+ssh://git@github.com/Marak/colors.js","git+ssh://git@github.com/Marak/colors.js/raw/master/LICENSE","gulp-nodemon:HelpNow"
"combined-stream@1.0.5","MIT","https://github.com/felixge/node-combined-stream","https://github.com/felixge/node-combined-stream/raw/master/License","fsevents:chokidar:nodemon:gulp-nodemon:HelpNow"
"commander@2.9.0","MIT","git+https://github.com/tj/commander.js","git+https://github.com/tj/commander.js/raw/master/LICENSE","myth:gulp-myth:HelpNow"
"component-type@1.2.1","MIT","git+https://github.com/component/type","git+https://github.com/component/type","clone-component:myth:gulp-myth:HelpNow"
"concat-map@0.0.1","MIT","https://github.com/substack/node-concat-map","https://github.com/substack/node-concat-map/raw/master/LICENSE","brace-expansion:minimatch:glob-stream:vinyl-fs:gulp:HelpNow"
"concat-stream@1.4.10","MIT","git+ssh://git@github.com/maxogden/concat-stream","git+ssh://git@github.com/maxogden/concat-stream/raw/master/LICENSE","base64url:jws:jsonwebtoken:passport-jwt:HelpNow"
"concat-with-sourcemaps@1.0.4","ISC","https://github.com/floridoo/concat-with-sourcemaps","https://github.com/floridoo/concat-with-sourcemaps/raw/master/LICENSE.md","gulp-concat:HelpNow"
"configstore@1.4.0","BSD-2-Clause","git+https://github.com/yeoman/configstore","git+https://github.com/yeoman/configstore","update-notifier:nodemon:gulp-nodemon:HelpNow"
"console-browserify@1.1.0","MIT","https://github.com/Raynos/console-browserify","http://github.com/Raynos/console-browserify/raw/master/LICENSE","jshint:gulp-jshint:HelpNow"
"content-disposition@0.5.1","MIT","git+https://github.com/jshttp/content-disposition","git+https://github.com/jshttp/content-disposition/raw/master/LICENSE","express:HelpNow"
"content-type@1.0.2","MIT","git+https://github.com/jshttp/content-type","git+https://github.com/jshttp/content-type/raw/master/LICENSE","body-parser:HelpNow"
"convert-source-map@0.3.5","MIT","https://github.com/thlorenz/convert-source-map","https://github.com/thlorenz/convert-source-map/raw/master/LICENSE","rework:myth:gulp-myth:HelpNow"
"cookie-parser@1.3.5","MIT","git+https://github.com/expressjs/cookie-parser","git+https://github.com/expressjs/cookie-parser/raw/master/LICENSE","HelpNow"
"cookie-signature@1.0.6","MIT","git+https://github.com/visionmedia/node-cookie-signature","git+https://github.com/visionmedia/node-cookie-signature","cookie-parser:HelpNow"
"cookie@0.1.3","MIT","git+https://github.com/jshttp/cookie","git+https://github.com/jshttp/cookie/raw/master/LICENSE","cookie-parser:HelpNow"
"cookie@0.1.5","MIT","git+https://github.com/jshttp/cookie","git+https://github.com/jshttp/cookie/raw/master/LICENSE","express:HelpNow"
"core-util-is@1.0.2","MIT","https://github.com/isaacs/core-util-is","https://github.com/isaacs/core-util-is/raw/master/LICENSE","readable-stream:duplexer2:multipipe:gulp-util:gulp:HelpNow"
"cryptiles@2.0.5","BSD-3-Clause","https://github.com/hapijs/cryptiles","https://github.com/hapijs/cryptiles/raw/master/LICENSE","fsevents:chokidar:nodemon:gulp-nodemon:HelpNow"
"css-color-function@1.3.0","MIT","https://github.com/ianstormtaylor/css-color-function","https://github.com/ianstormtaylor/css-color-function","rework-color-function:myth:gulp-myth:HelpNow"
"css@2.2.1","MIT","git+https://github.com/reworkcss/css","git+https://github.com/reworkcss/css/raw/master/LICENSE","rework:myth:gulp-myth:HelpNow"
"currently-unhandled@0.4.1","MIT","git+https://github.com/jamestalmage/currently-unhandled","git+https://github.com/jamestalmage/currently-unhandled/raw/master/license","loud-rejection:meow:dateformat:gulp-util:gulp:HelpNow"
"dashdash@1.13.0","MIT","https://github.com/trentm/node-dashdash","https://github.com/trentm/node-dashdash","fsevents:chokidar:nodemon:gulp-nodemon:HelpNow"
"date-now@0.1.4","MIT","https://github.com/Colingo/date-now","http://github.com/Colingo/date-now/raw/master/LICENSE","console-browserify:jshint:gulp-jshint:HelpNow"
"dateformat@1.0.12","MIT","git+https://github.com/felixge/node-dateformat","git+https://github.com/felixge/node-dateformat/raw/master/LICENSE","gulp-util:gulp:HelpNow"
"deap@1.0.0","MIT","https://github.com/selfcontained/deap","https://github.com/selfcontained/deap/raw/master/LICENSE","gulp-uglify:HelpNow"
"debug@0.7.4","UNKNOWN","https://github.com/visionmedia/debug","https://github.com/visionmedia/debug","css-color-function:rework-color-function:myth:gulp-myth:HelpNow"
"debug@2.2.0","MIT","https://github.com/visionmedia/debug","https://github.com/visionmedia/debug","HelpNow"
"decamelize@1.2.0","MIT","git+https://github.com/sindresorhus/decamelize","git+https://github.com/sindresorhus/decamelize/raw/master/license","meow:dateformat:gulp-util:gulp:HelpNow"
"deep-extend@0.3.3","MIT","https://github.com/unclechu/node-deep-extend","https://github.com/unclechu/node-deep-extend/raw/master/LICENSE","twitter:HelpNow"
"deep-extend@0.4.1","MIT","https://github.com/unclechu/node-deep-extend","https://github.com/unclechu/node-deep-extend","fsevents:chokidar:nodemon:gulp-nodemon:HelpNow"
"defaults@1.0.3","MIT","https://github.com/tmpvar/defaults","https://github.com/tmpvar/defaults/raw/master/LICENSE","vinyl-fs:gulp:HelpNow"
"delayed-stream@1.0.0","MIT","https://github.com/felixge/node-delayed-stream","https://github.com/felixge/node-delayed-stream/raw/master/License","fsevents:chokidar:nodemon:gulp-nodemon:HelpNow"
"delegates@1.0.0","MIT","git+https://github.com/visionmedia/node-delegates","git+https://github.com/visionmedia/node-delegates/raw/master/License","fsevents:chokidar:nodemon:gulp-nodemon:HelpNow"
"depd@1.0.1","MIT","git+https://github.com/dougwilson/nodejs-depd","git+https://github.com/dougwilson/nodejs-depd/raw/master/LICENSE","body-parser:HelpNow"
"depd@1.1.0","MIT","git+https://github.com/dougwilson/nodejs-depd","git+https://github.com/dougwilson/nodejs-depd/raw/master/LICENSE","express:HelpNow"
"deprecated@0.0.1","MIT","https://github.com/wearefractal/deprecated","http://github.com/wearefractal/deprecated/raw/master/LICENSE","gulp:HelpNow"
"destroy@1.0.4","MIT","git+https://github.com/stream-utils/destroy","git+https://github.com/stream-utils/destroy/raw/master/LICENSE","send:express:HelpNow"
"dom-serializer@0.1.0","MIT","https://github.com/cheeriojs/dom-renderer","https://github.com/cheeriojs/dom-renderer/raw/master/LICENSE","domutils:htmlparser2:jshint:gulp-jshint:HelpNow"
"domelementtype@1.1.3","UNKNOWN","https://github.com/FB55/domelementtype","https://github.com/FB55/domelementtype/raw/master/LICENSE","dom-serializer:domutils:htmlparser2:jshint:gulp-jshint:HelpNow"
"domelementtype@1.3.0","UNKNOWN","https://github.com/FB55/domelementtype","https://github.com/FB55/domelementtype/raw/master/LICENSE","htmlparser2:jshint:gulp-jshint:HelpNow"
"domhandler@2.3.0","UNKNOWN","https://github.com/fb55/DomHandler","https://github.com/fb55/DomHandler/raw/master/LICENSE","htmlparser2:jshint:gulp-jshint:HelpNow"
"domutils@1.5.1","UNKNOWN","https://github.com/FB55/domutils","https://github.com/FB55/domutils/raw/master/LICENSE","htmlparser2:jshint:gulp-jshint:HelpNow"
"dottie@1.1.1","UNKNOWN","https://github.com/mickhansen/dottie.js","https://github.com/mickhansen/dottie.js/raw/master/LICENSE","sequelize:HelpNow"
"duplexer2@0.0.2","BSD","https://github.com/deoxxa/duplexer2","https://github.com/deoxxa/duplexer2/raw/master/LICENSE.md","multipipe:gulp-util:gulp:HelpNow"
"duplexer@0.1.1","MIT","https://github.com/Raynos/duplexer","http://github.com/Raynos/duplexer/raw/master/LICENSE","event-stream:gulp-nodemon:HelpNow"
"duplexify@3.4.3","MIT","https://github.com/mafintosh/duplexify","https://github.com/mafintosh/duplexify/raw/master/LICENSE","got:package-json:latest-version:update-notifier:nodemon:gulp-nodemon:HelpNow"
"ecc-jsbn@0.1.1","MIT","git+https://github.com/quartzjer/ecc-jsbn","git+https://github.com/quartzjer/ecc-jsbn/raw/master/LICENSE","fsevents:chokidar:nodemon:gulp-nodemon:HelpNow"
"ecdsa-sig-formatter@1.0.7","Apache-2.0","git+ssh://git@github.com/Brightspace/node-ecdsa-sig-formatter","git+ssh://git@github.com/Brightspace/node-ecdsa-sig-formatter/raw/master/LICENSE","jwa:jws:jsonwebtoken:passport-jwt:HelpNow"
"ee-first@1.1.1","MIT","git+https://github.com/jonathanong/ee-first","git+https://github.com/jonathanong/ee-first/raw/master/LICENSE","on-finished:body-parser:HelpNow"
"end-of-stream@0.1.5","MIT","https://github.com/mafintosh/end-of-stream","https://github.com/mafintosh/end-of-stream","orchestrator:gulp:HelpNow"
"end-of-stream@1.0.0","MIT","https://github.com/mafintosh/end-of-stream","https://github.com/mafintosh/end-of-stream","duplexify:got:package-json:latest-version:update-notifier:nodemon:gulp-nodemon:HelpNow"
"entities@1.0.0","BSD-like","https://github.com/fb55/node-entities","https://github.com/fb55/node-entities/raw/master/LICENSE","htmlparser2:jshint:gulp-jshint:HelpNow"
"entities@1.1.1","BSD-like","https://github.com/fb55/node-entities","https://github.com/fb55/node-entities/raw/master/LICENSE","dom-serializer:domutils:htmlparser2:jshint:gulp-jshint:HelpNow"
"error-ex@1.3.0","MIT","git+https://github.com/qix-/node-error-ex","git+https://github.com/qix-/node-error-ex/raw/master/LICENSE","parse-json:load-json-file:read-pkg:read-pkg-up:meow:dateformat:gulp-util:gulp:HelpNow"
"es6-promise@2.3.0","MIT","https://github.com/jakearchibald/ES6-Promises","https://github.com/jakearchibald/ES6-Promises/raw/master/LICENSE","postcss:myth:gulp-myth:HelpNow"
"es6-promise@3.2.1","MIT","https://github.com/jakearchibald/ES6-Promises","https://github.com/jakearchibald/ES6-Promises/raw/master/LICENSE","nodemon:gulp-nodemon:HelpNow"
"escape-html@1.0.3","MIT","git+https://github.com/component/escape-html","git+https://github.com/component/escape-html/raw/master/LICENSE","express:HelpNow"
"escape-string-regexp@1.0.5","MIT","git+https://github.com/sindresorhus/escape-string-regexp","git+https://github.com/sindresorhus/escape-string-regexp/raw/master/license","chalk:gulp:HelpNow"
"etag@1.7.0","MIT","git+https://github.com/jshttp/etag","git+https://github.com/jshttp/etag/raw/master/LICENSE","express:HelpNow"
"event-stream@3.3.3","MIT","https://github.com/dominictarr/event-stream","https://github.com/dominictarr/event-stream/raw/master/LICENCE","gulp-nodemon:HelpNow"
"exit@0.1.2","MIT","https://github.com/cowboy/node-exit","https://github.com/cowboy/node-exit/blob/master/LICENSE-MIT","jshint:gulp-jshint:HelpNow"
"expand-brackets@0.1.5","MIT","git+https://github.com/jonschlinkert/expand-brackets","git+https://github.com/jonschlinkert/expand-brackets/raw/master/LICENSE","micromatch:findup-sync:liftoff:gulp:HelpNow"
"expand-range@1.8.2","MIT","git+https://github.com/jonschlinkert/expand-range","git+https://github.com/jonschlinkert/expand-range/raw/master/LICENSE","braces:micromatch:findup-sync:liftoff:gulp:HelpNow"
"expand-tilde@1.2.2","MIT","git+https://github.com/jonschlinkert/expand-tilde","git+https://github.com/jonschlinkert/expand-tilde/raw/master/LICENSE","resolve-dir:findup-sync:liftoff:gulp:HelpNow"
"express-http-proxy@0.6.0","MIT","https://github.com/villadora/express-http-proxy","https://github.com/villadora/express-http-proxy/raw/master/LICENSE-MIT","HelpNow"
"express@4.13.4","MIT","git+https://github.com/expressjs/express","git+https://github.com/expressjs/express/raw/master/LICENSE","HelpNow"
"extend@3.0.0","MIT","git+https://github.com/justmoon/node-extend","git+https://github.com/justmoon/node-extend/raw/master/LICENSE","liftoff:gulp:HelpNow"
"extglob@0.3.2","MIT","https://github.com/jonschlinkert/extglob","https://github.com/jonschlinkert/extglob/raw/master/LICENSE","micromatch:findup-sync:liftoff:gulp:HelpNow"
"extsprintf@1.0.2","UNKNOWN","https://github.com/davepacheco/node-extsprintf","https://github.com/davepacheco/node-extsprintf/raw/master/LICENSE","fsevents:chokidar:nodemon:gulp-nodemon:HelpNow"
"fancy-log@1.2.0","MIT","git+https://github.com/phated/fancy-log","git+https://github.com/phated/fancy-log/raw/master/LICENSE","gulp-util:gulp:HelpNow"
"filename-regex@2.0.0","MIT","https://github.com/regexps/filename-regex","https://github.com/regexps/filename-regex/blob/master/LICENSE-MIT","micromatch:findup-sync:liftoff:gulp:HelpNow"
"fill-range@2.2.3","MIT","git+https://github.com/jonschlinkert/fill-range","git+https://github.com/jonschlinkert/fill-range/raw/master/LICENSE","expand-range:braces:micromatch:findup-sync:liftoff:gulp:HelpNow"
"finalhandler@0.4.1","MIT","git+https://github.com/pillarjs/finalhandler","git+https://github.com/pillarjs/finalhandler/raw/master/LICENSE","express:HelpNow"
"find-file@0.1.4","MIT","https://github.com/kevva/find-file","https://github.com/kevva/find-file","rework-import:myth:gulp-myth:HelpNow"
"find-index@0.1.1","MIT","https://github.com/jsdf/find-index","https://github.com/jsdf/find-index","glob2base:glob-stream:vinyl-fs:gulp:HelpNow"
"find-up@1.1.2","MIT","git+https://github.com/sindresorhus/find-up","git+https://github.com/sindresorhus/find-up/raw/master/license","read-pkg-up:meow:dateformat:gulp-util:gulp:HelpNow"
"findup-sync@0.4.1","MIT","git+https://github.com/cowboy/node-findup-sync","git+https://github.com/cowboy/node-findup-sync","liftoff:gulp:HelpNow"
"first-chunk-stream@1.0.0","MIT","git+https://github.com/sindresorhus/first-chunk-stream","git+https://github.com/sindresorhus/first-chunk-stream","strip-bom:vinyl-fs:gulp:HelpNow"
"flagged-respawn@0.3.2","MIT","https://github.com/js-cli/js-flagged-respawn","https://github.com/js-cli/js-flagged-respawn/blob/master/LICENSE","liftoff:gulp:HelpNow"
"for-in@0.1.5","MIT","git+https://github.com/jonschlinkert/for-in","git+https://github.com/jonschlinkert/for-in/raw/master/LICENSE","for-own:object.omit:micromatch:findup-sync:liftoff:gulp:HelpNow"
"for-own@0.1.4","MIT","git+https://github.com/jonschlinkert/for-own","git+https://github.com/jonschlinkert/for-own/raw/master/LICENSE","object.omit:micromatch:findup-sync:liftoff:gulp:HelpNow"
"forever-agent@0.6.1","Apache-2.0","git+https://github.com/mikeal/forever-agent","git+https://github.com/mikeal/forever-agent/raw/master/LICENSE","fsevents:chokidar:nodemon:gulp-nodemon:HelpNow"
"form-data@1.0.0-rc4","MIT","https://github.com/form-data/form-data","https://github.com/form-data/form-data/raw/master/License","fsevents:chokidar:nodemon:gulp-nodemon:HelpNow"
"formidable@1.0.17","UNKNOWN","https://github.com/felixge/node-formidable","https://github.com/felixge/node-formidable/raw/master/LICENSE","HelpNow"
"forwarded@0.1.0","MIT","git+https://github.com/jshttp/forwarded","git+https://github.com/jshttp/forwarded/raw/master/LICENSE","proxy-addr:express:HelpNow"
"fresh@0.3.0","MIT","git+https://github.com/jshttp/fresh","git+https://github.com/jshttp/fresh/raw/master/LICENSE","express:HelpNow"
"from@0.1.3","MIT","https://github.com/dominictarr/from","https://github.com/dominictarr/from/raw/master/LICENSE.APACHE2","event-stream:gulp-nodemon:HelpNow"
"fs-exists-sync@0.1.0","MIT","git+https://github.com/jonschlinkert/fs-exists-sync","git+https://github.com/jonschlinkert/fs-exists-sync/raw/master/LICENSE","findup-sync:liftoff:gulp:HelpNow"
"fs@0.0.2","MIT","","","HelpNow"
"fsevents@1.0.12","MIT","git+https://github.com/strongloop/fsevents","git+https://github.com/strongloop/fsevents/raw/master/LICENSE","chokidar:nodemon:gulp-nodemon:HelpNow"
"fstream-ignore@1.0.3","ISC","https://github.com/isaacs/fstream-ignore","https://github.com/isaacs/fstream-ignore/raw/master/LICENSE","fsevents:chokidar:nodemon:gulp-nodemon:HelpNow"
"fstream@1.0.8","ISC","https://github.com/isaacs/fstream","https://github.com/isaacs/fstream/raw/master/LICENSE","fsevents:chokidar:nodemon:gulp-nodemon:HelpNow"
"gather-stream@1.0.0","ISC","https://github.com/natevw/gather-stream","https://github.com/natevw/gather-stream","read-file-stdin:myth:gulp-myth:HelpNow"
"gauge@1.2.7","ISC","git+https://github.com/iarna/gauge","git+https://github.com/iarna/gauge/raw/master/LICENSE","fsevents:chokidar:nodemon:gulp-nodemon:HelpNow"
"gaze@0.5.2","MIT","https://github.com/shama/gaze","https://github.com/shama/gaze/blob/master/LICENSE-MIT","glob-watcher:vinyl-fs:gulp:HelpNow"
"generate-function@2.0.0","MIT","git+https://github.com/mafintosh/generate-function","git+https://github.com/mafintosh/generate-function","fsevents:chokidar:nodemon:gulp-nodemon:HelpNow"
"generate-object-property@1.2.0","MIT","git+https://github.com/mafintosh/generate-object-property","git+https://github.com/mafintosh/generate-object-property/raw/master/LICENSE","fsevents:chokidar:nodemon:gulp-nodemon:HelpNow"
"generic-pool@2.4.2","MIT","git+ssh://git@github.com/coopernurse/node-pool","git+ssh://git@github.com/coopernurse/node-pool","sequelize:HelpNow"
"get-stdin@4.0.1","MIT","git+https://github.com/sindresorhus/get-stdin","git+https://github.com/sindresorhus/get-stdin","dateformat:gulp-util:gulp:HelpNow"
"glob-base@0.3.0","MIT","https://github.com/jonschlinkert/glob-base","https://github.com/jonschlinkert/glob-base/blob/master/LICENSE","parse-glob:micromatch:findup-sync:liftoff:gulp:HelpNow"
"glob-parent@2.0.0","ISC","git+https://github.com/es128/glob-parent","git+https://github.com/es128/glob-parent/raw/master/LICENSE","glob-base:parse-glob:micromatch:findup-sync:liftoff:gulp:HelpNow"
"glob-stream@3.1.18","MIT","https://github.com/wearefractal/glob-stream","http://github.com/wearefractal/glob-stream/raw/master/LICENSE","vinyl-fs:gulp:HelpNow"
"glob-watcher@0.0.6","MIT","https://github.com/wearefractal/glob-watcher","http://github.com/wearefractal/glob-watcher/raw/master/LICENSE","vinyl-fs:gulp:HelpNow"
"glob2base@0.0.12","MIT","https://github.com/wearefractal/glob2base","http://github.com/wearefractal/glob2base/raw/master/LICENSE","glob-stream:vinyl-fs:gulp:HelpNow"
"glob@3.1.21","BSD","https://github.com/isaacs/node-glob","https://github.com/isaacs/node-glob/raw/master/LICENSE","globule:gaze:glob-watcher:vinyl-fs:gulp:HelpNow"
"glob@3.2.11","BSD","https://github.com/isaacs/node-glob","https://github.com/isaacs/node-glob/raw/master/LICENSE","cli:jshint:gulp-jshint:HelpNow"
"glob@4.5.3","ISC","https://github.com/isaacs/node-glob","https://github.com/isaacs/node-glob/raw/master/LICENSE","glob-stream:vinyl-fs:gulp:HelpNow"
"glob@7.0.3","ISC","https://github.com/isaacs/node-glob","https://github.com/isaacs/node-glob","rimraf:fsevents:chokidar:nodemon:gulp-nodemon:HelpNow"
"global-modules@0.2.2","MIT","git+https://github.com/jonschlinkert/global-modules","git+https://github.com/jonschlinkert/global-modules/raw/master/LICENSE","resolve-dir:findup-sync:liftoff:gulp:HelpNow"
"global-prefix@0.1.4","MIT","git+https://github.com/jonschlinkert/global-prefix","git+https://github.com/jonschlinkert/global-prefix/raw/master/LICENSE","global-modules:resolve-dir:findup-sync:liftoff:gulp:HelpNow"
"globule@0.1.0","MIT","https://github.com/cowboy/node-globule","https://github.com/cowboy/node-globule/blob/master/LICENSE-MIT","gaze:glob-watcher:vinyl-fs:gulp:HelpNow"
"glogg@1.0.0","MIT","git+https://github.com/undertakerjs/glogg","git+https://github.com/undertakerjs/glogg/raw/master/LICENSE","gulplog:gulp-util:gulp:HelpNow"
"got@3.3.1","MIT","git+https://github.com/sindresorhus/got","git+https://github.com/sindresorhus/got","package-json:latest-version:update-notifier:nodemon:gulp-nodemon:HelpNow"
"graceful-fs@1.2.3","BSD","https://github.com/isaacs/node-graceful-fs","https://github.com/isaacs/node-graceful-fs/raw/master/LICENSE","glob:globule:gaze:glob-watcher:vinyl-fs:gulp:HelpNow"
"graceful-fs@3.0.8","ISC","https://github.com/isaacs/node-graceful-fs","https://github.com/isaacs/node-graceful-fs/raw/master/LICENSE","vinyl-fs:gulp:HelpNow"
"graceful-fs@4.1.3","ISC","git+https://github.com/isaacs/node-graceful-fs","git+https://github.com/isaacs/node-graceful-fs","fsevents:chokidar:nodemon:gulp-nodemon:HelpNow"
"graceful-fs@4.1.4","ISC","git+https://github.com/isaacs/node-graceful-fs","git+https://github.com/isaacs/node-graceful-fs/raw/master/LICENSE","load-json-file:read-pkg:read-pkg-up:meow:dateformat:gulp-util:gulp:HelpNow"
"graceful-readlink@1.0.1","MIT","https://github.com/zhiyelee/graceful-readlink","https://github.com/zhiyelee/graceful-readlink/raw/master/LICENSE","commander:myth:gulp-myth:HelpNow"
"gulp-concat@2.6.0","MIT","git+https://github.com/wearefractal/gulp-concat","git+https://github.com/wearefractal/gulp-concat/raw/master/LICENSE","HelpNow"
"gulp-jshint@1.12.0","MIT","https://github.com/spalger/gulp-jshint","https://github.com/spalger/gulp-jshint/raw/master/LICENSE","HelpNow"
"gulp-myth@1.1.0","MIT","git+https://github.com/sindresorhus/gulp-myth","git+https://github.com/sindresorhus/gulp-myth/raw/master/license","HelpNow"
"gulp-nodemon@2.1.0","BSD-2-Clause","git+https://github.com/JacksonGariety/gulp-nodemon","git+https://github.com/JacksonGariety/gulp-nodemon","HelpNow"
"gulp-rename@1.2.2","MIT","https://github.com/hparra/gulp-rename","https://github.com/hparra/gulp-rename","HelpNow"
"gulp-uglify@1.5.3","MIT","git+https://github.com/terinjokes/gulp-uglify","git+https://github.com/terinjokes/gulp-uglify/raw/master/LICENSE.md","HelpNow"
"gulp-util@3.0.7","MIT","git+https://github.com/gulpjs/gulp-util","git+https://github.com/gulpjs/gulp-util/raw/master/LICENSE","gulp:HelpNow"
"gulp@3.9.1","MIT","git+https://github.com/gulpjs/gulp","git+https://github.com/gulpjs/gulp/raw/master/LICENSE","HelpNow"
"gulplog@1.0.0","MIT","git+https://github.com/gulpjs/gulplog","git+https://github.com/gulpjs/gulplog/raw/master/LICENSE","gulp-util:gulp:HelpNow"
"har-validator@2.0.6","ISC","git+https://github.com/ahmadnassri/har-validator","git+https://github.com/ahmadnassri/har-validator","fsevents:chokidar:nodemon:gulp-nodemon:HelpNow"
"has-ansi@2.0.0","MIT","git+https://github.com/sindresorhus/has-ansi","git+https://github.com/sindresorhus/has-ansi/raw/master/license","chalk:gulp:HelpNow"
"has-gulplog@0.1.0","MIT","git+https://github.com/gulpjs/has-gulplog","git+https://github.com/gulpjs/has-gulplog/raw/master/LICENSE","gulp-util:gulp:HelpNow"
"has-unicode@2.0.0","ISC","git+https://github.com/iarna/has-unicode","git+https://github.com/iarna/has-unicode/raw/master/LICENSE","fsevents:chokidar:nodemon:gulp-nodemon:HelpNow"
"hawk@3.1.3","BSD-3-Clause","https://github.com/hueniverse/hawk","https://github.com/hueniverse/hawk/raw/master/LICENSE","fsevents:chokidar:nodemon:gulp-nodemon:HelpNow"
"hoek@2.16.3","BSD-3-Clause","https://github.com/hapijs/hoek","https://github.com/hapijs/hoek/raw/master/LICENSE","fsevents:chokidar:nodemon:gulp-nodemon:HelpNow"
"hosted-git-info@2.1.5","ISC","git+https://github.com/npm/hosted-git-info","git+https://github.com/npm/hosted-git-info/raw/master/LICENSE","normalize-package-data:meow:dateformat:gulp-util:gulp:HelpNow"
"htmlparser2@3.8.3","MIT","https://github.com/fb55/htmlparser2","https://github.com/fb55/htmlparser2/raw/master/LICENSE","jshint:gulp-jshint:HelpNow"
"http-errors@1.3.1","MIT","git+https://github.com/jshttp/http-errors","git+https://github.com/jshttp/http-errors/raw/master/LICENSE","body-parser:HelpNow"
"http-signature@1.1.1","MIT","https://github.com/joyent/node-http-signature","https://github.com/joyent/node-http-signature/raw/master/LICENSE","fsevents:chokidar:nodemon:gulp-nodemon:HelpNow"
"http@0.0.0","BSD-2-Clause","","","HelpNow"
"httpntlm@1.6.1","MIT","https://github.com/SamDecrock/node-http-ntlm","http://www.opensource.org/licenses/mit-license.php","smtp-connection:nodemailer-direct-transport:nodemailer:HelpNow"
"httpreq@0.4.22","MIT","https://github.com/SamDecrock/node-httpreq","http://www.opensource.org/licenses/mit-license.php","httpntlm:smtp-connection:nodemailer-direct-transport:nodemailer:HelpNow"
"https@1.0.0","ISC","","","HelpNow"
"iconv-lite@0.4.11","MIT","https://github.com/ashtuchkin/iconv-lite","https://github.com/ashtuchkin/iconv-lite/raw/master/LICENSE","body-parser:HelpNow"
"iconv-lite@0.4.13","MIT","https://github.com/ashtuchkin/iconv-lite","https://github.com/ashtuchkin/iconv-lite/raw/master/LICENSE","raw-body:body-parser:HelpNow"
"iconv-lite@0.4.8","MIT","https://github.com/ashtuchkin/iconv-lite","https://github.com/ashtuchkin/iconv-lite/raw/master/LICENSE","raw-body:express-http-proxy:HelpNow"
"ignore-by-default@1.0.1","ISC","git+https://github.com/novemberborn/ignore-by-default","git+https://github.com/novemberborn/ignore-by-default/raw/master/LICENSE","nodemon:gulp-nodemon:HelpNow"
"imurmurhash@0.1.4","MIT","git+https://github.com/jensyt/imurmurhash-js","git+https://github.com/jensyt/imurmurhash-js","write-file-atomic:configstore:update-notifier:nodemon:gulp-nodemon:HelpNow"
"indent-string@1.2.2","MIT","git+https://github.com/sindresorhus/indent-string","git+https://github.com/sindresorhus/indent-string/raw/master/license","meow:base64url:jws:jsonwebtoken:passport-jwt:HelpNow"
"indent-string@2.1.0","MIT","git+https://github.com/sindresorhus/indent-string","git+https://github.com/sindresorhus/indent-string/raw/master/license","redent:meow:dateformat:gulp-util:gulp:HelpNow"
"infinity-agent@2.0.3","MIT","git+https://github.com/floatdrop/infinity-agent","git+https://github.com/floatdrop/infinity-agent","got:package-json:latest-version:update-notifier:nodemon:gulp-nodemon:HelpNow"
"inflection@1.10.0","MIT","git+https://github.com/dreamerslab/node.inflection","git+https://github.com/dreamerslab/node.inflection","sequelize:HelpNow"
"inflight@1.0.4","ISC","https://github.com/isaacs/inflight","https://github.com/isaacs/inflight/raw/master/LICENSE","glob:rimraf:fsevents:chokidar:nodemon:gulp-nodemon:HelpNow"
"inflight@1.0.5","ISC","git+https://github.com/npm/inflight","git+https://github.com/npm/inflight/raw/master/LICENSE","glob:glob-stream:vinyl-fs:gulp:HelpNow"
"inherits@1.0.2","UNKNOWN","git+https://github.com/isaacs/inherits","git+https://github.com/isaacs/inherits/raw/master/LICENSE","glob:globule:gaze:glob-watcher:vinyl-fs:gulp:HelpNow"
"inherits@2.0.1","ISC","https://github.com/isaacs/inherits","https://github.com/isaacs/inherits/raw/master/LICENSE","http-errors:body-parser:HelpNow"
"ini@1.3.4","ISC","https://github.com/isaacs/ini","https://github.com/isaacs/ini/raw/master/LICENSE","global-prefix:global-modules:resolve-dir:findup-sync:liftoff:gulp:HelpNow"
"interpret@1.0.1","MIT","https://github.com/tkellen/node-interpret","https://github.com/tkellen/node-interpret/raw/master/LICENSE","gulp:HelpNow"
"ip@1.1.3","MIT","git+ssh://git@github.com/indutny/node-ip","git+ssh://git@github.com/indutny/node-ip","socks:nodemailer:HelpNow"
"ipaddr.js@1.0.5","MIT","https://github.com/whitequark/ipaddr.js","https://github.com/whitequark/ipaddr.js/raw/master/LICENSE","proxy-addr:express:HelpNow"
"is-arrayish@0.2.1","MIT","git+https://github.com/qix-/node-is-arrayish","git+https://github.com/qix-/node-is-arrayish/raw/master/LICENSE","error-ex:parse-json:load-json-file:read-pkg:read-pkg-up:meow:dateformat:gulp-util:gulp:HelpNow"
"is-binary-path@1.0.1","MIT","git+https://github.com/sindresorhus/is-binary-path","git+https://github.com/sindresorhus/is-binary-path/raw/master/license","chokidar:nodemon:gulp-nodemon:HelpNow"
"is-browser@2.0.1","MIT","git+https://github.com/ForbesLindesay/is-browser","git+https://github.com/ForbesLindesay/is-browser/raw/master/LICENSE","myth:gulp-myth:HelpNow"
"is-buffer@1.1.3","MIT","https://github.com/feross/is-buffer","https://github.com/feross/is-buffer/raw/master/LICENSE","kind-of:micromatch:findup-sync:liftoff:gulp:HelpNow"
"is-builtin-module@1.0.0","MIT","git+https://github.com/sindresorhus/is-builtin-module","git+https://github.com/sindresorhus/is-builtin-module/raw/master/license","normalize-package-data:meow:dateformat:gulp-util:gulp:HelpNow"
"is-dotfile@1.0.2","MIT","git+https://github.com/jonschlinkert/is-dotfile","git+https://github.com/jonschlinkert/is-dotfile/raw/master/LICENSE","parse-glob:micromatch:findup-sync:liftoff:gulp:HelpNow"
"is-equal-shallow@0.1.3","MIT","https://github.com/jonschlinkert/is-equal-shallow","https://github.com/jonschlinkert/is-equal-shallow/raw/master/LICENSE","regex-cache:micromatch:findup-sync:liftoff:gulp:HelpNow"
"is-extendable@0.1.1","MIT","git+https://github.com/jonschlinkert/is-extendable","git+https://github.com/jonschlinkert/is-extendable/raw/master/LICENSE","object.omit:micromatch:findup-sync:liftoff:gulp:HelpNow"
"is-extglob@1.0.0","MIT","git+https://github.com/jonschlinkert/is-extglob","git+https://github.com/jonschlinkert/is-extglob/raw/master/LICENSE","is-glob:findup-sync:liftoff:gulp:HelpNow"
"is-finite@1.0.1","MIT","git+https://github.com/sindresorhus/is-finite","git+https://github.com/sindresorhus/is-finite/raw/master/license","repeating:indent-string:redent:meow:dateformat:gulp-util:gulp:HelpNow"
"is-glob@2.0.1","MIT","git+https://github.com/jonschlinkert/is-glob","git+https://github.com/jonschlinkert/is-glob/raw/master/LICENSE","findup-sync:liftoff:gulp:HelpNow"
"is-my-json-valid@2.13.1","MIT","git+https://github.com/mafintosh/is-my-json-valid","git+https://github.com/mafintosh/is-my-json-valid/raw/master/LICENSE","fsevents:chokidar:nodemon:gulp-nodemon:HelpNow"
"is-npm@1.0.0","MIT","https://github.com/sindresorhus/is-npm","https://github.com/sindresorhus/is-npm","update-notifier:nodemon:gulp-nodemon:HelpNow"
"is-number@2.1.0","MIT","git+https://github.com/jonschlinkert/is-number","git+https://github.com/jonschlinkert/is-number/raw/master/LICENSE","fill-range:expand-range:braces:micromatch:findup-sync:liftoff:gulp:HelpNow"
"is-posix-bracket@0.1.1","MIT","git+https://github.com/jonschlinkert/is-posix-bracket","git+https://github.com/jonschlinkert/is-posix-bracket/raw/master/LICENSE","expand-brackets:micromatch:findup-sync:liftoff:gulp:HelpNow"
"is-primitive@2.0.0","MIT","https://github.com/jonschlinkert/is-primitive","https://github.com/jonschlinkert/is-primitive/blob/master/LICENSE","regex-cache:micromatch:findup-sync:liftoff:gulp:HelpNow"
"is-property@1.0.2","MIT","https://github.com/mikolalysenko/is-property","https://github.com/mikolalysenko/is-property/raw/master/LICENSE","fsevents:chokidar:nodemon:gulp-nodemon:HelpNow"
"is-redirect@1.0.0","MIT","git+https://github.com/sindresorhus/is-redirect","git+https://github.com/sindresorhus/is-redirect/raw/master/license","got:package-json:latest-version:update-notifier:nodemon:gulp-nodemon:HelpNow"
"is-stream@1.1.0","MIT","git+https://github.com/sindresorhus/is-stream","git+https://github.com/sindresorhus/is-stream/raw/master/license","got:package-json:latest-version:update-notifier:nodemon:gulp-nodemon:HelpNow"
"is-typedarray@1.0.0","MIT","https://github.com/hughsk/is-typedarray","https://github.com/hughsk/is-typedarray/raw/master/LICENSE.md","fsevents:chokidar:nodemon:gulp-nodemon:HelpNow"
"is-utf8@0.2.1","MIT","git+https://github.com/wayfind/is-utf8","git+https://github.com/wayfind/is-utf8/raw/master/LICENSE","strip-bom:load-json-file:read-pkg:read-pkg-up:meow:dateformat:gulp-util:gulp:HelpNow"
"is-windows@0.2.0","MIT","git+https://github.com/jonschlinkert/is-windows","git+https://github.com/jonschlinkert/is-windows/raw/master/LICENSE","global-modules:resolve-dir:findup-sync:liftoff:gulp:HelpNow"
"isarray@0.0.1","MIT","https://github.com/juliangruber/isarray","https://github.com/juliangruber/isarray","readable-stream:duplexer2:multipipe:gulp-util:gulp:HelpNow"
"isarray@1.0.0","MIT","https://github.com/juliangruber/isarray","https://github.com/juliangruber/isarray","readable-stream:through2:gulp-util:gulp:HelpNow"
"isexe@1.1.2","ISC","git+https://github.com/isaacs/isexe","git+https://github.com/isaacs/isexe/raw/master/LICENSE","which:global-prefix:global-modules:resolve-dir:findup-sync:liftoff:gulp:HelpNow"
"isobject@2.1.0","MIT","git+https://github.com/jonschlinkert/isobject","git+https://github.com/jonschlinkert/isobject/raw/master/LICENSE","fill-range:expand-range:braces:micromatch:findup-sync:liftoff:gulp:HelpNow"
"isstream@0.1.2","MIT","git+https://github.com/rvagg/isstream","git+https://github.com/rvagg/isstream/raw/master/LICENSE.md","fsevents:chokidar:nodemon:gulp-nodemon:HelpNow"
"jmespath@0.15.0","Apache 2.0","https://github.com/jmespath/jmespath.js","http://github.com/jmespath/jmespath.js/raw/master/LICENSE","aws-sdk:nodemailer-ses-transport:HelpNow"
"jodid25519@1.0.2","MIT","git+https://github.com/meganz/jodid25519","git+https://github.com/meganz/jodid25519/raw/master/LICENSE","fsevents:chokidar:nodemon:gulp-nodemon:HelpNow"
"js-base64@2.1.9","BSD","https://github.com/dankogai/js-base64","https://github.com/dankogai/js-base64/raw/master/LICENSE.md","postcss:myth:gulp-myth:HelpNow"
"jsbn@0.1.0","BSD","git+https://github.com/andyperlitch/jsbn","git+https://github.com/andyperlitch/jsbn/raw/master/LICENSE","fsevents:chokidar:nodemon:gulp-nodemon:HelpNow"
"jshint@2.9.2","(MIT AND JSON)","git+https://github.com/jshint/jshint","git+https://github.com/jshint/jshint/raw/master/LICENSE","gulp-jshint:HelpNow"
"json-schema@0.2.2","AFLv2.1,BSD","git+ssh://git@github.com/kriszyp/json-schema","http://trac.dojotoolkit.org/browser/dojo/trunk/LICENSE#L43,http://trac.dojotoolkit.org/browser/dojo/trunk/LICENSE#L13","fsevents:chokidar:nodemon:gulp-nodemon:HelpNow"
"json-stringify-safe@5.0.1","ISC","https://github.com/isaacs/json-stringify-safe","https://github.com/isaacs/json-stringify-safe/raw/master/LICENSE","fsevents:chokidar:nodemon:gulp-nodemon:HelpNow"
"jsonpointer@2.0.0","MIT","git+ssh://git@github.com/janl/node-jsonpointer","git+ssh://git@github.com/janl/node-jsonpointer","fsevents:chokidar:nodemon:gulp-nodemon:HelpNow"
"jsonwebtoken@5.7.0","MIT","git+https://github.com/auth0/node-jsonwebtoken","git+https://github.com/auth0/node-jsonwebtoken/raw/master/LICENSE","passport-jwt:HelpNow"
"jsprim@1.2.2","MIT","https://github.com/davepacheco/node-jsprim","https://github.com/davepacheco/node-jsprim/raw/master/LICENSE","fsevents:chokidar:nodemon:gulp-nodemon:HelpNow"
"jwa@1.1.3","MIT","https://github.com/brianloveswords/node-jwa","https://github.com/brianloveswords/node-jwa/raw/master/LICENSE","jws:jsonwebtoken:passport-jwt:HelpNow"
"jws@3.1.3","MIT","https://github.com/brianloveswords/node-jws","https://github.com/brianloveswords/node-jws/raw/master/LICENSE","jsonwebtoken:passport-jwt:HelpNow"
"kind-of@3.0.3","MIT","git+https://github.com/jonschlinkert/kind-of","git+https://github.com/jonschlinkert/kind-of/raw/master/LICENSE","micromatch:findup-sync:liftoff:gulp:HelpNow"
"latest-version@1.0.1","MIT","git+https://github.com/sindresorhus/latest-version","git+https://github.com/sindresorhus/latest-version/raw/master/license","update-notifier:nodemon:gulp-nodemon:HelpNow"
"lazy-cache@1.0.4","MIT","git+https://github.com/jonschlinkert/lazy-cache","git+https://github.com/jonschlinkert/lazy-cache/raw/master/LICENSE","center-align:cliui:yargs:uglify-js:gulp-uglify:HelpNow"
"libbase64@0.1.0","MIT","https://github.com/andris9/libbase64","https://github.com/andris9/libbase64/raw/master/LICENSE","libmime:nodemailer:HelpNow"
"libmime@2.0.3","MIT","https://github.com/andris9/libmime","https://github.com/andris9/libmime/raw/master/LICENSE","nodemailer:HelpNow"
"libqp@1.1.0","MIT","https://github.com/andris9/libqp","https://github.com/andris9/libqp/raw/master/LICENSE","libmime:nodemailer:HelpNow"
"liftoff@2.2.3","MIT","https://github.com/js-cli/js-liftoff","https://github.com/js-cli/js-liftoff/raw/master/LICENSE","gulp:HelpNow"
"load-json-file@1.1.0","MIT","git+https://github.com/sindresorhus/load-json-file","git+https://github.com/sindresorhus/load-json-file/raw/master/license","read-pkg:read-pkg-up:meow:dateformat:gulp-util:gulp:HelpNow"
"lodash._baseassign@3.2.0","MIT","git+https://github.com/lodash/lodash","git+https://github.com/lodash/lodash/raw/master/LICENSE.txt","lodash.assign:lodash.defaults:nodemon:gulp-nodemon:HelpNow"
"lodash._baseclone@4.5.7","MIT","git+https://github.com/lodash/lodash","git+https://github.com/lodash/lodash/raw/master/LICENSE","lodash.clonedeep:rcfinder:rcloader:gulp-jshint:HelpNow"
"lodash._basecopy@3.0.1","MIT","git+https://github.com/lodash/lodash","git+https://github.com/lodash/lodash/raw/master/LICENSE.txt","lodash.template:gulp-util:gulp:HelpNow"
"lodash._basetostring@3.0.1","MIT","git+https://github.com/lodash/lodash","git+https://github.com/lodash/lodash/raw/master/LICENSE","lodash.template:gulp-util:gulp:HelpNow"
"lodash._basevalues@3.0.0","MIT","git+https://github.com/lodash/lodash","git+https://github.com/lodash/lodash/raw/master/LICENSE.txt","lodash.template:gulp-util:gulp:HelpNow"
"lodash._bindcallback@3.0.1","MIT","git+https://github.com/lodash/lodash","git+https://github.com/lodash/lodash/raw/master/LICENSE.txt","lodash._createassigner:lodash.assign:lodash.defaults:nodemon:gulp-nodemon:HelpNow"
"lodash._createassigner@3.1.1","MIT","git+https://github.com/lodash/lodash","git+https://github.com/lodash/lodash/raw/master/LICENSE.txt","lodash.assign:lodash.defaults:nodemon:gulp-nodemon:HelpNow"
"lodash._getnative@3.9.1","MIT","git+https://github.com/lodash/lodash","git+https://github.com/lodash/lodash/raw/master/LICENSE","lodash.keys:lodash.template:gulp-util:gulp:HelpNow"
"lodash._isiterateecall@3.0.9","MIT","git+https://github.com/lodash/lodash","git+https://github.com/lodash/lodash/raw/master/LICENSE.txt","lodash.template:gulp-util:gulp:HelpNow"
"lodash._reescape@3.0.0","MIT","git+https://github.com/lodash/lodash","git+https://github.com/lodash/lodash/raw/master/LICENSE.txt","gulp-util:gulp:HelpNow"
"lodash._reevaluate@3.0.0","MIT","git+https://github.com/lodash/lodash","git+https://github.com/lodash/lodash/raw/master/LICENSE.txt","gulp-util:gulp:HelpNow"
"lodash._reinterpolate@3.0.0","MIT","git+https://github.com/lodash/lodash","git+https://github.com/lodash/lodash/raw/master/LICENSE.txt","gulp-util:gulp:HelpNow"
"lodash._root@3.0.1","MIT","git+https://github.com/lodash/lodash","git+https://github.com/lodash/lodash/raw/master/LICENSE","lodash.escape:lodash.template:gulp-util:gulp:HelpNow"
"lodash.assign@3.2.0","MIT","git+https://github.com/lodash/lodash","git+https://github.com/lodash/lodash/raw/master/LICENSE.txt","lodash.defaults:nodemon:gulp-nodemon:HelpNow"
"lodash.clonedeep@4.3.2","MIT","git+https://github.com/lodash/lodash","git+https://github.com/lodash/lodash/raw/master/LICENSE","rcfinder:rcloader:gulp-jshint:HelpNow"
"lodash.defaults@3.1.2","MIT","git+https://github.com/lodash/lodash","git+https://github.com/lodash/lodash/raw/master/LICENSE","nodemon:gulp-nodemon:HelpNow"
"lodash.escape@3.2.0","MIT","git+https://github.com/lodash/lodash","git+https://github.com/lodash/lodash/raw/master/LICENSE","lodash.template:gulp-util:gulp:HelpNow"
"lodash.isarguments@3.0.8","MIT","git+https://github.com/lodash/lodash","git+https://github.com/lodash/lodash/raw/master/LICENSE","lodash.keys:lodash.template:gulp-util:gulp:HelpNow"
"lodash.isarray@3.0.4","MIT","git+https://github.com/lodash/lodash","git+https://github.com/lodash/lodash/raw/master/LICENSE","lodash.keys:lodash.template:gulp-util:gulp:HelpNow"
"lodash.keys@3.1.2","MIT","git+https://github.com/lodash/lodash","git+https://github.com/lodash/lodash/raw/master/LICENSE","lodash.template:gulp-util:gulp:HelpNow"
"lodash.pad@4.1.0","MIT","git+https://github.com/lodash/lodash","git+https://github.com/lodash/lodash/raw/master/LICENSE","fsevents:chokidar:nodemon:gulp-nodemon:HelpNow"
"lodash.padend@4.2.0","MIT","git+https://github.com/lodash/lodash","git+https://github.com/lodash/lodash/raw/master/LICENSE","fsevents:chokidar:nodemon:gulp-nodemon:HelpNow"
"lodash.padstart@4.2.0","MIT","git+https://github.com/lodash/lodash","git+https://github.com/lodash/lodash/raw/master/LICENSE","fsevents:chokidar:nodemon:gulp-nodemon:HelpNow"
"lodash.repeat@4.0.0","MIT","git+https://github.com/lodash/lodash","git+https://github.com/lodash/lodash/raw/master/LICENSE","fsevents:chokidar:nodemon:gulp-nodemon:HelpNow"
"lodash.restparam@3.6.1","MIT","git+https://github.com/lodash/lodash","git+https://github.com/lodash/lodash/raw/master/LICENSE.txt","lodash.template:gulp-util:gulp:HelpNow"
"lodash.template@3.6.2","MIT","git+https://github.com/lodash/lodash","git+https://github.com/lodash/lodash/raw/master/LICENSE","gulp-util:gulp:HelpNow"
"lodash.templatesettings@3.1.1","MIT","git+https://github.com/lodash/lodash","git+https://github.com/lodash/lodash/raw/master/LICENSE","lodash.template:gulp-util:gulp:HelpNow"
"lodash.tostring@4.1.2","MIT","git+https://github.com/lodash/lodash","git+https://github.com/lodash/lodash/raw/master/LICENSE","fsevents:chokidar:nodemon:gulp-nodemon:HelpNow"
"lodash@1.0.2","MIT","git+https://github.com/lodash/lodash","git+https://github.com/lodash/lodash/raw/master/LICENSE.txt","globule:gaze:glob-watcher:vinyl-fs:gulp:HelpNow"
"lodash@2.4.2","MIT","git+https://github.com/lodash/lodash","git+https://github.com/lodash/lodash/raw/master/LICENSE.txt","rcloader:gulp-jshint:HelpNow"
"lodash@3.10.1","MIT","git+https://github.com/lodash/lodash","git+https://github.com/lodash/lodash/raw/master/LICENSE","gulp-jshint:HelpNow"
"lodash@3.5.0","MIT","git+https://github.com/lodash/lodash","git+https://github.com/lodash/lodash/raw/master/LICENSE.txt","xmlbuilder:aws-sdk:nodemailer-ses-transport:HelpNow"
"lodash@3.7.0","MIT","git+https://github.com/lodash/lodash","git+https://github.com/lodash/lodash/raw/master/LICENSE.txt","jshint:gulp-jshint:HelpNow"
"lodash@4.12.0","MIT","git+https://github.com/lodash/lodash","git+https://github.com/lodash/lodash/raw/master/LICENSE","sequelize:HelpNow"
"lodash@4.13.1","MIT","git+https://github.com/lodash/lodash","git+https://github.com/lodash/lodash/raw/master/LICENSE","request-promise:HelpNow"
"longest@1.0.1","MIT","git+https://github.com/jonschlinkert/longest","https://github.com/jonschlinkert/longest/blob/master/LICENSE","align-text:center-align:cliui:yargs:uglify-js:gulp-uglify:HelpNow"
"loud-rejection@1.5.0","MIT","git+https://github.com/sindresorhus/loud-rejection","git+https://github.com/sindresorhus/loud-rejection/raw/master/license","meow:dateformat:gulp-util:gulp:HelpNow"
"lowercase-keys@1.0.0","MIT","git+https://github.com/sindresorhus/lowercase-keys","git+https://github.com/sindresorhus/lowercase-keys","got:package-json:latest-version:update-notifier:nodemon:gulp-nodemon:HelpNow"
"lru-cache@2.7.3","ISC","https://github.com/isaacs/node-lru-cache","https://github.com/isaacs/node-lru-cache/raw/master/LICENSE","minimatch:globule:gaze:glob-watcher:vinyl-fs:gulp:HelpNow"
"lru-cache@4.0.1","ISC","https://github.com/isaacs/node-lru-cache","https://github.com/isaacs/node-lru-cache","aws4:fsevents:chokidar:nodemon:gulp-nodemon:HelpNow"
"mailcomposer@3.9.0","MIT","git+ssh://git@github.com/andris9/mailcomposer","git+ssh://git@github.com/andris9/mailcomposer/raw/master/LICENSE","nodemailer:HelpNow"
"map-obj@1.0.1","MIT","git+https://github.com/sindresorhus/map-obj","git+https://github.com/sindresorhus/map-obj/raw/master/license","meow:dateformat:gulp-util:gulp:HelpNow"
"map-stream@0.1.0","UNKNOWN","https://github.com/dominictarr/map-stream","https://github.com/dominictarr/map-stream/raw/master/LICENCE","event-stream:gulp-nodemon:HelpNow"
"media-typer@0.3.0","MIT","git+https://github.com/jshttp/media-typer","git+https://github.com/jshttp/media-typer/raw/master/LICENSE","type-is:body-parser:HelpNow"
"meow@2.0.0","MIT","git+https://github.com/sindresorhus/meow","git+https://github.com/sindresorhus/meow","base64url:jws:jsonwebtoken:passport-jwt:HelpNow"
"meow@3.7.0","MIT","git+https://github.com/sindresorhus/meow","git+https://github.com/sindresorhus/meow/raw/master/license","dateformat:gulp-util:gulp:HelpNow"
"merge-descriptors@1.0.1","MIT","git+https://github.com/component/merge-descriptors","git+https://github.com/component/merge-descriptors/raw/master/LICENSE","express:HelpNow"
"methods@1.1.2","MIT","git+https://github.com/jshttp/methods","git+https://github.com/jshttp/methods/raw/master/LICENSE","express:HelpNow"
"micromatch@2.3.8","MIT","git+https://github.com/jonschlinkert/micromatch","git+https://github.com/jonschlinkert/micromatch/raw/master/LICENSE","findup-sync:liftoff:gulp:HelpNow"
"mime-db@1.22.0","MIT","git+https://github.com/jshttp/mime-db","git+https://github.com/jshttp/mime-db/raw/master/LICENSE","fsevents:chokidar:nodemon:gulp-nodemon:HelpNow"
"mime-db@1.23.0","MIT","git+https://github.com/jshttp/mime-db","git+https://github.com/jshttp/mime-db/raw/master/LICENSE","mime-types:type-is:body-parser:HelpNow"
"mime-types@2.1.10","MIT","git+https://github.com/jshttp/mime-types","git+https://github.com/jshttp/mime-types/raw/master/LICENSE","fsevents:chokidar:nodemon:gulp-nodemon:HelpNow"
"mime-types@2.1.11","MIT","git+https://github.com/jshttp/mime-types","git+https://github.com/jshttp/mime-types/raw/master/LICENSE","type-is:body-parser:HelpNow"
"mime@1.3.4","MIT","git+https://github.com/broofa/node-mime","https://raw.github.com/broofa/node-mime/master/LICENSE","send:express:HelpNow"
"minimatch@0.2.14","MIT","https://github.com/isaacs/minimatch","http://github.com/isaacs/minimatch/raw/master/LICENSE","globule:gaze:glob-watcher:vinyl-fs:gulp:HelpNow"
"minimatch@0.3.0","MIT","https://github.com/isaacs/minimatch","http://github.com/isaacs/minimatch/raw/master/LICENSE","glob:cli:jshint:gulp-jshint:HelpNow"
"minimatch@2.0.10","ISC","https://github.com/isaacs/minimatch","https://github.com/isaacs/minimatch/raw/master/LICENSE","glob-stream:vinyl-fs:gulp:HelpNow"
"minimatch@3.0.0","ISC","https://github.com/isaacs/minimatch","https://github.com/isaacs/minimatch","glob:rimraf:fsevents:chokidar:nodemon:gulp-nodemon:HelpNow"
"minimatch@3.0.2","ISC","https://github.com/isaacs/minimatch","https://github.com/isaacs/minimatch/raw/master/LICENSE","nodemon:gulp-nodemon:HelpNow"
"minimist@0.0.8","MIT","https://github.com/substack/minimist","https://github.com/substack/minimist/raw/master/LICENSE","mkdirp:vinyl-fs:gulp:HelpNow"
"minimist@1.2.0","MIT","https://github.com/substack/minimist","https://github.com/substack/minimist/raw/master/LICENSE","gulp:HelpNow"
"mkdirp@0.5.1","MIT","git+https://github.com/substack/node-mkdirp","git+https://github.com/substack/node-mkdirp/raw/master/LICENSE","vinyl-fs:gulp:HelpNow"
"moment-timezone@0.5.4","MIT","git+https://github.com/moment/moment-timezone","git+https://github.com/moment/moment-timezone/raw/master/LICENSE","sequelize:HelpNow"
"moment@2.13.0","MIT","git+https://github.com/moment/moment","git+https://github.com/moment/moment/raw/master/LICENSE","sequelize:HelpNow"
"morgan@1.6.1","MIT","git+https://github.com/expressjs/morgan","git+https://github.com/expressjs/morgan/raw/master/LICENSE","HelpNow"
"ms@0.7.1","UNKNOWN","https://github.com/guille/ms.js","https://github.com/guille/ms.js/raw/master/LICENSE","debug:HelpNow"
"multipipe@0.1.2","MIT","git+https://github.com/juliangruber/multipipe","git+https://github.com/juliangruber/multipipe","gulp-util:gulp:HelpNow"
"mysql@2.11.1","MIT","git+https://github.com/felixge/node-mysql","git+https://github.com/felixge/node-mysql/raw/master/License","HelpNow"
"myth@1.5.0","MIT","https://github.com/segmentio/myth","https://github.com/segmentio/myth","gulp-myth:HelpNow"
"nan@2.3.5","MIT","https://github.com/nodejs/nan","https://github.com/nodejs/nan/raw/master/LICENSE.md","fsevents:chokidar:nodemon:gulp-nodemon:HelpNow"
"negotiator@0.5.3","MIT","https://github.com/jshttp/negotiator","https://github.com/jshttp/negotiator/raw/master/LICENSE","accepts:express:HelpNow"
"nested-error-stacks@1.0.2","MIT","git+https://github.com/mdlavin/nested-error-stacks","git+https://github.com/mdlavin/nested-error-stacks/raw/master/LICENSE","got:package-json:latest-version:update-notifier:nodemon:gulp-nodemon:HelpNow"
"njwt@0.3.0","Apache 2.0","git+https://github.com/jwtk/njwt","git+https://github.com/jwtk/njwt/raw/master/LICENSE","HelpNow"
"node-kmeans@0.0.1","BSD","https://github.com/Philmod/node-kmeans","https://github.com/Philmod/node-kmeans","HelpNow"
"node-pre-gyp@0.6.25","BSD","https://github.com/mapbox/node-pre-gyp","https://github.com/mapbox/node-pre-gyp/raw/master/LICENSE","fsevents:chokidar:nodemon:gulp-nodemon:HelpNow"
"node-uuid@1.4.7","MIT","git+https://github.com/broofa/node-uuid","https://raw.github.com/broofa/node-uuid/master/LICENSE.md","fsevents:chokidar:nodemon:gulp-nodemon:HelpNow"
"node-watch@0.3.5","MIT","https://github.com/yuanchuan/node-watch","https://github.com/yuanchuan/node-watch/raw/master/LICENSE","myth:gulp-myth:HelpNow"
"nodemailer-direct-transport@3.1.0","MIT","https://github.com/andris9/nodemailer-direct-transport","https://github.com/andris9/nodemailer-direct-transport/raw/master/LICENSE","nodemailer:HelpNow"
"nodemailer-fetch@1.4.0","MIT","git+https://github.com/nodemailer/nodemailer-fetch","git+https://github.com/nodemailer/nodemailer-fetch/raw/master/LICENSE","buildmail:mailcomposer:nodemailer:HelpNow"
"nodemailer-ses-transport@1.3.1","MIT","https://github.com/andris9/nodemailer-ses-transport","https://github.com/andris9/nodemailer-ses-transport/raw/master/LICENSE","HelpNow"
"nodemailer-shared@1.0.5","MIT","git+https://github.com/nodemailer/nodemailer-shared","git+https://github.com/nodemailer/nodemailer-shared/raw/master/LICENSE","nodemailer:HelpNow"
"nodemailer-smtp-pool@2.6.0","MIT","https://github.com/andris9/nodemailer-smtp-pool","https://github.com/andris9/nodemailer-smtp-pool/raw/master/LICENSE","nodemailer:HelpNow"
"nodemailer-smtp-transport@2.5.0","MIT","https://github.com/andris9/nodemailer-smtp-transport","https://github.com/andris9/nodemailer-smtp-transport/raw/master/LICENSE","nodemailer:HelpNow"
"nodemailer-wellknown@0.1.9","MIT","https://github.com/andris9/nodemailer-wellknown","https://github.com/andris9/nodemailer-wellknown/raw/master/LICENSE","nodemailer-smtp-pool:nodemailer:HelpNow"
"nodemailer@2.4.2","MIT","https://github.com/nodemailer/nodemailer","https://github.com/nodemailer/nodemailer/raw/master/LICENSE","HelpNow"
"nodemon@1.9.2","MIT","git+https://github.com/remy/nodemon","git+https://github.com/remy/nodemon","gulp-nodemon:HelpNow"
"nopt@1.0.10","MIT","https://github.com/isaacs/nopt","https://github.com/isaacs/nopt/raw/master/LICENSE","touch:nodemon:gulp-nodemon:HelpNow"
"nopt@3.0.6","ISC","git+https://github.com/npm/nopt","git+https://github.com/npm/nopt/raw/master/LICENSE","node-pre-gyp:fsevents:chokidar:nodemon:gulp-nodemon:HelpNow"
"normalize-package-data@2.3.5","BSD-2-Clause","https://github.com/npm/normalize-package-data","https://github.com/npm/normalize-package-data/raw/master/LICENSE","meow:dateformat:gulp-util:gulp:HelpNow"
"normalize-path@2.0.1","MIT","git+https://github.com/jonschlinkert/normalize-path","git+https://github.com/jonschlinkert/normalize-path/raw/master/LICENSE","micromatch:findup-sync:liftoff:gulp:HelpNow"
"npmlog@2.0.3","ISC","git+https://github.com/npm/npmlog","git+https://github.com/npm/npmlog/raw/master/LICENSE","fsevents:chokidar:nodemon:gulp-nodemon:HelpNow"
"num2fraction@1.2.2","MIT","git+ssh://git@github.com/yisibl/num2fraction","git+ssh://git@github.com/yisibl/num2fraction/raw/master/LICENSE","autoprefixer-core:myth:gulp-myth:HelpNow"
"number-is-nan@1.0.0","MIT","git+https://github.com/sindresorhus/number-is-nan","git+https://github.com/sindresorhus/number-is-nan/raw/master/license","is-finite:repeating:indent-string:redent:meow:dateformat:gulp-util:gulp:HelpNow"
"oauth-sign@0.8.1","Apache-2.0","git+https://github.com/mikeal/oauth-sign","git+https://github.com/mikeal/oauth-sign/raw/master/LICENSE","fsevents:chokidar:nodemon:gulp-nodemon:HelpNow"
"oauth-sign@0.8.2","Apache-2.0","git+https://github.com/mikeal/oauth-sign","git+https://github.com/mikeal/oauth-sign/raw/master/LICENSE","request:request-promise:HelpNow"
"object-assign@1.0.0","MIT","git+https://github.com/sindresorhus/object-assign","git+https://github.com/sindresorhus/object-assign","meow:base64url:jws:jsonwebtoken:passport-jwt:HelpNow"
"object-assign@3.0.0","MIT","git+https://github.com/sindresorhus/object-assign","git+https://github.com/sindresorhus/object-assign/raw/master/license","gulp-util:gulp:HelpNow"
"object-assign@4.1.0","MIT","git+https://github.com/sindresorhus/object-assign","git+https://github.com/sindresorhus/object-assign/raw/master/license","meow:dateformat:gulp-util:gulp:HelpNow"
"object.omit@2.0.0","MIT","git+https://github.com/jonschlinkert/object.omit","git+https://github.com/jonschlinkert/object.omit/raw/master/LICENSE","micromatch:findup-sync:liftoff:gulp:HelpNow"
"on-finished@2.3.0","MIT","git+https://github.com/jshttp/on-finished","git+https://github.com/jshttp/on-finished/raw/master/LICENSE","body-parser:HelpNow"
"on-headers@1.0.1","MIT","git+https://github.com/jshttp/on-headers","git+https://github.com/jshttp/on-headers/raw/master/LICENSE","morgan:HelpNow"
"once@1.3.3","ISC","https://github.com/isaacs/once","https://github.com/isaacs/once/raw/master/LICENSE","end-of-stream:orchestrator:gulp:HelpNow"
"orchestrator@0.3.7","MIT","https://github.com/robrich/orchestrator","http://github.com/robrich/orchestrator/raw/master/LICENSE","gulp:HelpNow"
"ordered-read-streams@0.1.0","MIT","https://github.com/armed/ordered-read-streams","https://github.com/armed/ordered-read-streams/raw/master/LICENSE","glob-stream:vinyl-fs:gulp:HelpNow"
"os-homedir@1.0.1","MIT","git+https://github.com/sindresorhus/os-homedir","git+https://github.com/sindresorhus/os-homedir/raw/master/license","expand-tilde:resolve-dir:findup-sync:liftoff:gulp:HelpNow"
"os-tmpdir@1.0.1","MIT","git+https://github.com/sindresorhus/os-tmpdir","git+https://github.com/sindresorhus/os-tmpdir/raw/master/license","osenv:global-prefix:global-modules:resolve-dir:findup-sync:liftoff:gulp:HelpNow"
"osenv@0.1.3","ISC","git+https://github.com/npm/osenv","git+https://github.com/npm/osenv/raw/master/LICENSE","global-prefix:global-modules:resolve-dir:findup-sync:liftoff:gulp:HelpNow"
"package-json@1.2.0","MIT","git+https://github.com/sindresorhus/package-json","git+https://github.com/sindresorhus/package-json/raw/master/license","latest-version:update-notifier:nodemon:gulp-nodemon:HelpNow"
"pad-component@0.0.1","MIT*","","","myth:gulp-myth:HelpNow"
"parse-glob@3.0.4","MIT","git+https://github.com/jonschlinkert/parse-glob","git+https://github.com/jonschlinkert/parse-glob/raw/master/LICENSE","micromatch:findup-sync:liftoff:gulp:HelpNow"
"parse-import@0.1.3","MIT","https://github.com/kevva/parse-import","https://github.com/kevva/parse-import","rework-import:myth:gulp-myth:HelpNow"
"parse-json@2.2.0","MIT","git+https://github.com/sindresorhus/parse-json","git+https://github.com/sindresorhus/parse-json/raw/master/license","load-json-file:read-pkg:read-pkg-up:meow:dateformat:gulp-util:gulp:HelpNow"
"parseurl@1.3.1","MIT","git+https://github.com/pillarjs/parseurl","git+https://github.com/pillarjs/parseurl/raw/master/LICENSE","express:HelpNow"
"passport-http@0.3.0","MIT","https://github.com/jaredhanson/passport-http","http://www.opensource.org/licenses/MIT","HelpNow"
"passport-jwt@2.1.0","MIT","git+https://github.com/themikenicholson/passport-jwt","git+https://github.com/themikenicholson/passport-jwt/raw/master/LICENSE","HelpNow"
"passport-local@1.0.0","MIT","https://github.com/jaredhanson/passport-local","http://www.opensource.org/licenses/MIT","HelpNow"
"passport-strategy@1.0.0","MIT","https://github.com/jaredhanson/passport-strategy","http://www.opensource.org/licenses/MIT","passport:HelpNow"
"passport@0.2.2","MIT","https://github.com/jaredhanson/passport","https://github.com/jaredhanson/passport/raw/master/LICENSE","HelpNow"
"path-exists@2.1.0","MIT","git+https://github.com/sindresorhus/path-exists","git+https://github.com/sindresorhus/path-exists/raw/master/license","find-up:read-pkg-up:meow:dateformat:gulp-util:gulp:HelpNow"
"path-is-absolute@1.0.0","MIT","git+https://github.com/sindresorhus/path-is-absolute","git+https://github.com/sindresorhus/path-is-absolute/raw/master/license","chokidar:nodemon:gulp-nodemon:HelpNow"
"path-to-regexp@0.1.7","MIT","git+https://github.com/component/path-to-regexp","git+https://github.com/component/path-to-regexp/raw/master/LICENSE","express:HelpNow"
"path-type@1.1.0","MIT","git+https://github.com/sindresorhus/path-type","git+https://github.com/sindresorhus/path-type/raw/master/license","read-pkg:read-pkg-up:meow:dateformat:gulp-util:gulp:HelpNow"
"pause-stream@0.0.11","MIT,Apache2","https://github.com/dominictarr/pause-stream",",","event-stream:gulp-nodemon:HelpNow"
"pause@0.0.1","UNKNOWN","","","passport:HelpNow"
"pify@2.3.0","MIT","git+https://github.com/sindresorhus/pify","git+https://github.com/sindresorhus/pify/raw/master/license","load-json-file:read-pkg:read-pkg-up:meow:dateformat:gulp-util:gulp:HelpNow"
"pinkie-promise@2.0.0","MIT","git+https://github.com/floatdrop/pinkie-promise","git+https://github.com/floatdrop/pinkie-promise","fsevents:chokidar:nodemon:gulp-nodemon:HelpNow"
"pinkie-promise@2.0.1","MIT","git+https://github.com/floatdrop/pinkie-promise","git+https://github.com/floatdrop/pinkie-promise/raw/master/license","find-up:read-pkg-up:meow:dateformat:gulp-util:gulp:HelpNow"
"pinkie@2.0.4","MIT","git+https://github.com/floatdrop/pinkie","git+https://github.com/floatdrop/pinkie/raw/master/license","pinkie-promise:find-up:read-pkg-up:meow:dateformat:gulp-util:gulp:HelpNow"
"postcss@4.1.16","MIT","git+https://github.com/postcss/postcss","git+https://github.com/postcss/postcss/raw/master/LICENSE","myth:gulp-myth:HelpNow"
"prepend-http@1.0.4","MIT","git+https://github.com/sindresorhus/prepend-http","git+https://github.com/sindresorhus/prepend-http/raw/master/license","got:package-json:latest-version:update-notifier:nodemon:gulp-nodemon:HelpNow"
"preserve@0.2.0","MIT","https://github.com/jonschlinkert/preserve","https://github.com/jonschlinkert/preserve/blob/master/LICENSE-MIT","braces:micromatch:findup-sync:liftoff:gulp:HelpNow"
"pretty-hrtime@1.0.2","MIT","https://github.com/robrich/pretty-hrtime","https://github.com/robrich/pretty-hrtime/raw/master/LICENSE","gulp:HelpNow"
"process-nextick-args@1.0.6","MIT","git+https://github.com/calvinmetcalf/process-nextick-args","git+https://github.com/calvinmetcalf/process-nextick-args/raw/master/license.md","fsevents:chokidar:nodemon:gulp-nodemon:HelpNow"
"process-nextick-args@1.0.7","MIT","git+https://github.com/calvinmetcalf/process-nextick-args","git+https://github.com/calvinmetcalf/process-nextick-args/raw/master/license.md","readable-stream:through2:gulp-util:gulp:HelpNow"
"proxy-addr@1.0.10","MIT","git+https://github.com/jshttp/proxy-addr","git+https://github.com/jshttp/proxy-addr/raw/master/LICENSE","express:HelpNow"
"ps-tree@1.1.0","MIT","git+https://github.com/indexzero/ps-tree","git+https://github.com/indexzero/ps-tree/raw/master/LICENSE","nodemon:gulp-nodemon:HelpNow"
"pseudomap@1.0.2","ISC","git+https://github.com/isaacs/pseudomap","git+https://github.com/isaacs/pseudomap/raw/master/LICENSE","lru-cache:aws4:fsevents:chokidar:nodemon:gulp-nodemon:HelpNow"
"qs@4.0.0","BSD-3-Clause","git+https://github.com/hapijs/qs","git+https://github.com/hapijs/qs/raw/master/LICENSE","body-parser:HelpNow"
"qs@6.0.2","BSD-3-Clause","git+https://github.com/ljharb/qs","git+https://github.com/ljharb/qs/raw/master/LICENSE","fsevents:chokidar:nodemon:gulp-nodemon:HelpNow"
"qs@6.1.0","BSD-3-Clause","git+https://github.com/ljharb/qs","git+https://github.com/ljharb/qs/raw/master/LICENSE","request:request-promise:HelpNow"
"randomatic@1.1.5","MIT","git+https://github.com/jonschlinkert/randomatic","git+https://github.com/jonschlinkert/randomatic/raw/master/LICENSE","fill-range:expand-range:braces:micromatch:findup-sync:liftoff:gulp:HelpNow"
"range-parser@1.0.3","MIT","git+https://github.com/jshttp/range-parser","git+https://github.com/jshttp/range-parser/raw/master/LICENSE","express:HelpNow"
"raw-body@1.3.4","MIT","git+https://github.com/stream-utils/raw-body","git+https://github.com/stream-utils/raw-body/raw/master/LICENSE","express-http-proxy:HelpNow"
"raw-body@2.1.7","MIT","git+https://github.com/stream-utils/raw-body","git+https://github.com/stream-utils/raw-body/raw/master/LICENSE","body-parser:HelpNow"
"rc@1.1.6","(BSD-2-Clause OR MIT OR Apache-2.0)","git+https://github.com/dominictarr/rc","git+https://github.com/dominictarr/rc/raw/master/LICENSE.APACHE2","fsevents:chokidar:nodemon:gulp-nodemon:HelpNow"
"rcfinder@0.1.9","MIT","https://github.com/spenceralger/rcfinder","https://github.com/spenceralger/rcfinder","rcloader:gulp-jshint:HelpNow"
"rcloader@0.1.2","MIT","git+ssh://git@github.com/spenceralger/rcloader","git+ssh://git@github.com/spenceralger/rcloader","gulp-jshint:HelpNow"
"read-all-stream@3.1.0","MIT","git+https://github.com/floatdrop/read-all-stream","git+https://github.com/floatdrop/read-all-stream/raw/master/license","got:package-json:latest-version:update-notifier:nodemon:gulp-nodemon:HelpNow"
"read-file-stdin@0.2.1","MIT","https://github.com/ianstormtaylor/read-file-stdin","https://github.com/ianstormtaylor/read-file-stdin","myth:gulp-myth:HelpNow"
"read-pkg-up@1.0.1","MIT","git+https://github.com/sindresorhus/read-pkg-up","git+https://github.com/sindresorhus/read-pkg-up/raw/master/license","meow:dateformat:gulp-util:gulp:HelpNow"
"read-pkg@1.1.0","MIT","git+https://github.com/sindresorhus/read-pkg","git+https://github.com/sindresorhus/read-pkg/raw/master/license","read-pkg-up:meow:dateformat:gulp-util:gulp:HelpNow"
"readable-stream@1.0.34","MIT","https://github.com/isaacs/readable-stream","https://github.com/isaacs/readable-stream/raw/master/LICENSE","through2:vinyl-fs:gulp:HelpNow"
"readable-stream@1.1.14","MIT","https://github.com/isaacs/readable-stream","https://github.com/isaacs/readable-stream/raw/master/LICENSE","duplexer2:multipipe:gulp-util:gulp:HelpNow"
"readable-stream@2.0.6","MIT","https://github.com/nodejs/readable-stream","https://github.com/nodejs/readable-stream/raw/master/LICENSE","through2:gulp-util:gulp:HelpNow"
"readable-stream@2.1.4","MIT","https://github.com/nodejs/readable-stream","https://github.com/nodejs/readable-stream/raw/master/LICENSE","readdirp:chokidar:nodemon:gulp-nodemon:HelpNow"
"readdirp@2.0.0","MIT","https://github.com/thlorenz/readdirp","https://github.com/thlorenz/readdirp/raw/master/LICENSE","chokidar:nodemon:gulp-nodemon:HelpNow"
"rechoir@0.6.2","MIT","https://github.com/tkellen/node-rechoir","https://github.com/tkellen/node-rechoir/blob/master/LICENSE","liftoff:gulp:HelpNow"
"redent@1.0.0","MIT","git+https://github.com/sindresorhus/redent","git+https://github.com/sindresorhus/redent/raw/master/license","meow:dateformat:gulp-util:gulp:HelpNow"
"regex-cache@0.4.3","MIT","git+https://github.com/jonschlinkert/regex-cache","git+https://github.com/jonschlinkert/regex-cache/raw/master/LICENSE","micromatch:findup-sync:liftoff:gulp:HelpNow"
"registry-url@3.1.0","MIT","git+https://github.com/sindresorhus/registry-url","git+https://github.com/sindresorhus/registry-url/raw/master/license","package-json:latest-version:update-notifier:nodemon:gulp-nodemon:HelpNow"
"repeat-element@1.1.2","MIT","https://github.com/jonschlinkert/repeat-element","https://github.com/jonschlinkert/repeat-element/blob/master/LICENSE","braces:micromatch:findup-sync:liftoff:gulp:HelpNow"
"repeat-string@1.5.4","MIT","git+https://github.com/jonschlinkert/repeat-string","git+https://github.com/jonschlinkert/repeat-string/raw/master/LICENSE","fill-range:expand-range:braces:micromatch:findup-sync:liftoff:gulp:HelpNow"
"repeating@1.1.3","MIT","git+https://github.com/sindresorhus/repeating","git+https://github.com/sindresorhus/repeating/raw/master/license","update-notifier:nodemon:gulp-nodemon:HelpNow"
"repeating@2.0.1","MIT","git+https://github.com/sindresorhus/repeating","git+https://github.com/sindresorhus/repeating/raw/master/license","indent-string:redent:meow:dateformat:gulp-util:gulp:HelpNow"
"replace-ext@0.0.1","MIT","https://github.com/wearefractal/replace-ext","http://github.com/wearefractal/replace-ext/raw/master/LICENSE","gulp-util:gulp:HelpNow"
"request-promise@2.0.1","MIT","git+https://github.com/request/request-promise","git+https://github.com/request/request-promise/raw/master/LICENSE","HelpNow"
"request@2.69.0","Apache-2.0","git+https://github.com/request/request","git+https://github.com/request/request/raw/master/LICENSE","fsevents:chokidar:nodemon:gulp-nodemon:HelpNow"
"request@2.72.0","Apache-2.0","git+https://github.com/request/request","git+https://github.com/request/request/raw/master/LICENSE","request-promise:HelpNow"
"resolve-dir@0.1.0","MIT","git+https://github.com/jonschlinkert/resolve-dir","git+https://github.com/jonschlinkert/resolve-dir/raw/master/LICENSE","findup-sync:liftoff:gulp:HelpNow"
"resolve-url@0.2.1","MIT","https://github.com/lydell/resolve-url","https://github.com/lydell/resolve-url/raw/master/LICENSE","source-map-resolve:css:rework:myth:gulp-myth:HelpNow"
"resolve@1.1.7","MIT","https://github.com/substack/node-resolve","https://github.com/substack/node-resolve/raw/master/LICENSE","liftoff:gulp:HelpNow"
"retry-as-promised@2.0.1","MIT","git+https://github.com/mickhansen/retry-as-promised","git+https://github.com/mickhansen/retry-as-promised/raw/master/LICENSE","sequelize:HelpNow"
"rework-calc@1.1.0","MIT","git+https://github.com/reworkcss/rework-calc","git+https://github.com/reworkcss/rework-calc","myth:gulp-myth:HelpNow"
"rework-color-function@1.2.1","MIT","https://github.com/ianstormtaylor/rework-color-function","https://github.com/ianstormtaylor/rework-color-function","myth:gulp-myth:HelpNow"
"rework-custom-media@0.1.1","MIT","git+https://github.com/reworkcss/rework-custom-media","git+https://github.com/reworkcss/rework-custom-media","myth:gulp-myth:HelpNow"
"rework-font-variant@1.0.1","MIT","https://github.com/ianstormtaylor/rework-font-variant","https://github.com/ianstormtaylor/rework-font-variant","myth:gulp-myth:HelpNow"
"rework-hex-alpha@1.0.0","MIT","https://github.com/ianstormtaylor/rework-hex-alpha","https://github.com/ianstormtaylor/rework-hex-alpha","myth:gulp-myth:HelpNow"
"rework-import@1.2.1","MIT","https://github.com/reworkcss/rework-import","https://github.com/reworkcss/rework-import","myth:gulp-myth:HelpNow"
"rework-rebeccapurple@1.0.1","MIT","git+https://github.com/jonathanKingston/rework-rebeccapurple","git+https://github.com/jonathanKingston/rework-rebeccapurple","myth:gulp-myth:HelpNow"
"rework-vars@3.1.1","MIT","git+https://github.com/reworkcss/rework-vars","git+https://github.com/reworkcss/rework-vars","myth:gulp-myth:HelpNow"
"rework-visit@1.0.0","MIT","","","rework-calc:myth:gulp-myth:HelpNow"
"rework@1.0.1","UNKNOWN","https://github.com/reworkcss/rework","https://github.com/reworkcss/rework","myth:gulp-myth:HelpNow"
"rgb@0.0.1","MIT (http://mootools.net/license.txt)","git+https://github.com/kamicane/rgb","git+https://github.com/kamicane/rgb","rework-hex-alpha:myth:gulp-myth:HelpNow"
"rgb@0.1.0","MIT (http://mootools.net/license.txt)","git+https://github.com/kamicane/rgb","git+https://github.com/kamicane/rgb","css-color-function:rework-color-function:myth:gulp-myth:HelpNow"
"right-align@0.1.3","MIT","https://github.com/jonschlinkert/right-align","https://github.com/jonschlinkert/right-align/raw/master/LICENSE","cliui:yargs:uglify-js:gulp-uglify:HelpNow"
"rimraf@2.5.2","ISC","https://github.com/isaacs/rimraf","https://github.com/isaacs/rimraf/raw/master/LICENSE","fsevents:chokidar:nodemon:gulp-nodemon:HelpNow"
"sax@1.1.5","ISC","https://github.com/isaacs/sax-js","https://github.com/isaacs/sax-js/raw/master/LICENSE","aws-sdk:nodemailer-ses-transport:HelpNow"
"semver-diff@2.1.0","MIT","git+https://github.com/sindresorhus/semver-diff","git+https://github.com/sindresorhus/semver-diff/raw/master/license","update-notifier:nodemon:gulp-nodemon:HelpNow"
"semver@4.3.6","ISC","https://github.com/npm/node-semver","https://github.com/npm/node-semver/raw/master/LICENSE","gulp:HelpNow"
"semver@5.1.0","ISC","git+https://github.com/npm/node-semver","git+https://github.com/npm/node-semver/raw/master/LICENSE","fsevents:chokidar:nodemon:gulp-nodemon:HelpNow"
"send@0.13.1","MIT","https://github.com/pillarjs/send","https://github.com/pillarjs/send/raw/master/LICENSE","express:HelpNow"
"send@0.13.2","MIT","git+https://github.com/pillarjs/send","git+https://github.com/pillarjs/send/raw/master/LICENSE","serve-static:express:HelpNow"
"sequelize@3.23.3","MIT","git+https://github.com/sequelize/sequelize","git+https://github.com/sequelize/sequelize/raw/master/LICENSE","HelpNow"
"sequencify@0.0.7","MIT","https://github.com/robrich/sequencify","http://github.com/robrich/sequencify/raw/master/LICENSE","orchestrator:gulp:HelpNow"
"serve-favicon@2.3.0","MIT","git+https://github.com/expressjs/serve-favicon","git+https://github.com/expressjs/serve-favicon/raw/master/LICENSE","HelpNow"
"serve-static@1.10.3","MIT","git+https://github.com/expressjs/serve-static","git+https://github.com/expressjs/serve-static/raw/master/LICENSE","express:HelpNow"
"shelljs@0.3.0","BSD*","https://github.com/arturadib/shelljs","https://github.com/arturadib/shelljs/raw/master/LICENSE","jshint:gulp-jshint:HelpNow"
"shimmer@1.1.0","BSD-2-Clause","git+https://github.com/othiym23/shimmer","git+https://github.com/othiym23/shimmer","sequelize:HelpNow"
"sigmund@1.0.1","ISC","https://github.com/isaacs/sigmund","https://github.com/isaacs/sigmund/raw/master/LICENSE","minimatch:globule:gaze:glob-watcher:vinyl-fs:gulp:HelpNow"
"signal-exit@3.0.0","ISC","git+https://github.com/tapjs/signal-exit","git+https://github.com/tapjs/signal-exit/raw/master/LICENSE.txt","loud-rejection:meow:dateformat:gulp-util:gulp:HelpNow"
"slide@1.1.6","ISC","https://github.com/isaacs/slide-flow-control","https://github.com/isaacs/slide-flow-control/raw/master/LICENSE","write-file-atomic:configstore:update-notifier:nodemon:gulp-nodemon:HelpNow"
"smart-buffer@1.0.11","MIT","git+https://github.com/JoshGlazebrook/smart-buffer","git+https://github.com/JoshGlazebrook/smart-buffer/raw/master/LICENSE","socks:nodemailer:HelpNow"
"smtp-connection@2.5.0","MIT","https://github.com/andris9/smtp-connection","https://github.com/andris9/smtp-connection/raw/master/LICENSE","nodemailer-direct-transport:nodemailer:HelpNow"
"sntp@1.0.9","BSD","https://github.com/hueniverse/sntp","http://github.com/hueniverse/sntp/raw/master/LICENSE","fsevents:chokidar:nodemon:gulp-nodemon:HelpNow"
"socks@1.1.9","MIT","git+https://github.com/JoshGlazebrook/socks","git+https://github.com/JoshGlazebrook/socks/raw/master/LICENSE","nodemailer:HelpNow"
"source-map-resolve@0.3.1","MIT","git+https://github.com/lydell/source-map-resolve","git+https://github.com/lydell/source-map-resolve","css:rework:myth:gulp-myth:HelpNow"
"source-map-url@0.3.0","MIT","git+https://github.com/lydell/source-map-url","git+https://github.com/lydell/source-map-url","source-map-resolve:css:rework:myth:gulp-myth:HelpNow"
"source-map@0.1.43","BSD","git+ssh://git@github.com/mozilla/source-map","http://opensource.org/licenses/BSD-3-Clause","css:rework:myth:gulp-myth:HelpNow"
"source-map@0.4.4","BSD-3-Clause","git+ssh://git@github.com/mozilla/source-map","git+ssh://git@github.com/mozilla/source-map","postcss:myth:gulp-myth:HelpNow"
"source-map@0.5.6","BSD-3-Clause","git+ssh://git@github.com/mozilla/source-map","git+ssh://git@github.com/mozilla/source-map/raw/master/LICENSE","concat-with-sourcemaps:gulp-concat:HelpNow"
"sparkles@1.0.0","MIT","git+https://github.com/phated/sparkles","git+https://github.com/phated/sparkles/raw/master/LICENSE","glogg:gulplog:gulp-util:gulp:HelpNow"
"spdx-correct@1.0.2","Apache-2.0","git+https://github.com/kemitchell/spdx-correct.js","git+https://github.com/kemitchell/spdx-correct.js/raw/master/LICENSE","validate-npm-package-license:normalize-package-data:meow:dateformat:gulp-util:gulp:HelpNow"
"spdx-exceptions@1.0.4","CC-BY-3.0","git+https://github.com/kemitchell/spdx-exceptions.json","git+https://github.com/kemitchell/spdx-exceptions.json","spdx-expression-parse:validate-npm-package-license:normalize-package-data:meow:dateformat:gulp-util:gulp:HelpNow"
"spdx-expression-parse@1.0.2","(MIT AND CC-BY-3.0)","git+https://github.com/kemitchell/spdx-expression-parse.js","git+https://github.com/kemitchell/spdx-expression-parse.js/raw/master/LICENSE","validate-npm-package-license:normalize-package-data:meow:dateformat:gulp-util:gulp:HelpNow"
"spdx-license-ids@1.2.1","Unlicense","git+https://github.com/shinnn/spdx-license-ids","git+https://github.com/shinnn/spdx-license-ids/raw/master/LICENSE","spdx-correct:validate-npm-package-license:normalize-package-data:meow:dateformat:gulp-util:gulp:HelpNow"
"split@0.3.3","MIT","https://github.com/dominictarr/split","https://github.com/dominictarr/split/raw/master/LICENCE","event-stream:gulp-nodemon:HelpNow"
"sqlstring@2.0.1","MIT","git+https://github.com/mysqljs/sqlstring","git+https://github.com/mysqljs/sqlstring/raw/master/LICENSE","mysql:HelpNow"
"sshpk@1.7.4","MIT","git+https://github.com/arekinath/node-sshpk","git+https://github.com/arekinath/node-sshpk/raw/master/LICENSE","fsevents:chokidar:nodemon:gulp-nodemon:HelpNow"
"statuses@1.2.1","MIT","git+https://github.com/jshttp/statuses","git+https://github.com/jshttp/statuses/raw/master/LICENSE","send:express:HelpNow"
"statuses@1.3.0","MIT","git+https://github.com/jshttp/statuses","git+https://github.com/jshttp/statuses/raw/master/LICENSE","http-errors:body-parser:HelpNow"
"stream-combiner@0.0.4","MIT","https://github.com/dominictarr/stream-combiner","https://github.com/dominictarr/stream-combiner/raw/master/LICENSE","event-stream:gulp-nodemon:HelpNow"
"stream-consume@0.1.0","MIT","git+https://github.com/aroneous/stream-consume","git+https://github.com/aroneous/stream-consume","orchestrator:gulp:HelpNow"
"string-length@1.0.1","MIT","git+https://github.com/sindresorhus/string-length","git+https://github.com/sindresorhus/string-length/raw/master/license","update-notifier:nodemon:gulp-nodemon:HelpNow"
"string_decoder@0.10.31","MIT","https://github.com/rvagg/string_decoder","https://github.com/rvagg/string_decoder/raw/master/LICENSE","readable-stream:duplexer2:multipipe:gulp-util:gulp:HelpNow"
"stringstream@0.0.5","MIT","git+https://github.com/mhart/StringStream","git+https://github.com/mhart/StringStream/raw/master/LICENSE.txt","fsevents:chokidar:nodemon:gulp-nodemon:HelpNow"
"strip-ansi@3.0.1","MIT","git+https://github.com/chalk/strip-ansi","git+https://github.com/chalk/strip-ansi/raw/master/license","chalk:gulp:HelpNow"
"strip-bom@1.0.0","MIT","https://github.com/sindresorhus/strip-bom","https://github.com/sindresorhus/strip-bom","vinyl-fs:gulp:HelpNow"
"strip-bom@2.0.0","MIT","git+https://github.com/sindresorhus/strip-bom","git+https://github.com/sindresorhus/strip-bom/raw/master/license","load-json-file:read-pkg:read-pkg-up:meow:dateformat:gulp-util:gulp:HelpNow"
"strip-indent@1.0.1","MIT","git+https://github.com/sindresorhus/strip-indent","git+https://github.com/sindresorhus/strip-indent/raw/master/license","redent:meow:dateformat:gulp-util:gulp:HelpNow"
"strip-json-comments@1.0.4","MIT","git+https://github.com/sindresorhus/strip-json-comments","git+https://github.com/sindresorhus/strip-json-comments/raw/master/license","jshint:gulp-jshint:HelpNow"
"supports-color@2.0.0","MIT","git+https://github.com/chalk/supports-color","git+https://github.com/chalk/supports-color/raw/master/license","chalk:gulp:HelpNow"
"tar-pack@3.1.3","BSD-2-Clause","git+https://github.com/ForbesLindesay/tar-pack","git+https://github.com/ForbesLindesay/tar-pack/raw/master/LICENSE","fsevents:chokidar:nodemon:gulp-nodemon:HelpNow"
"tar@2.2.1","ISC","https://github.com/isaacs/node-tar","https://github.com/isaacs/node-tar/raw/master/LICENSE","fsevents:chokidar:nodemon:gulp-nodemon:HelpNow"
"terraformer-wkt-parser@1.1.0","MIT","git+ssh://git@github.com/Esri/terraformer-wkt-parser","git+ssh://git@github.com/Esri/terraformer-wkt-parser/raw/master/LICENSE","sequelize:HelpNow"
"terraformer@1.0.5","MIT","https://github.com/esri/terraformer","https://github.com/esri/terraformer/raw/master/LICENSE","terraformer-wkt-parser:sequelize:HelpNow"
"through2@0.6.5","MIT","git+https://github.com/rvagg/through2","git+https://github.com/rvagg/through2/raw/master/LICENSE","vinyl-fs:gulp:HelpNow"
"through2@2.0.1","MIT","git+https://github.com/rvagg/through2","git+https://github.com/rvagg/through2/raw/master/LICENSE","gulp-util:gulp:HelpNow"
"through@2.3.8","MIT","git+https://github.com/dominictarr/through","git+https://github.com/dominictarr/through/raw/master/LICENSE.APACHE2","event-stream:gulp-nodemon:HelpNow"
"tildify@1.2.0","MIT","git+https://github.com/sindresorhus/tildify","git+https://github.com/sindresorhus/tildify/raw/master/license","gulp:HelpNow"
"time-stamp@1.0.1","MIT","git+https://github.com/jonschlinkert/time-stamp","git+https://github.com/jonschlinkert/time-stamp/raw/master/LICENSE","fancy-log:gulp-util:gulp:HelpNow"
"timed-out@2.0.0","MIT","git+https://github.com/floatdrop/timed-out","git+https://github.com/floatdrop/timed-out","got:package-json:latest-version:update-notifier:nodemon:gulp-nodemon:HelpNow"
"to-no-case@0.1.1","MIT","https://github.com/ianstormtaylor/to-no-case","https://github.com/ianstormtaylor/to-no-case","to-space-case:to-slug-case:myth:gulp-myth:HelpNow"
"to-no-case@0.1.2","MIT","https://github.com/ianstormtaylor/to-no-case","https://github.com/ianstormtaylor/to-no-case","to-space-case:myth:gulp-myth:HelpNow"
"to-slug-case@0.1.2","MIT","https://github.com/ianstormtaylor/to-slug-case","https://github.com/ianstormtaylor/to-slug-case","myth:gulp-myth:HelpNow"
"to-space-case@0.1.2","MIT","https://github.com/ianstormtaylor/to-space-case","https://github.com/ianstormtaylor/to-space-case","to-slug-case:myth:gulp-myth:HelpNow"
"to-space-case@0.1.3","MIT","https://github.com/ianstormtaylor/to-space-case","https://github.com/ianstormtaylor/to-space-case","myth:gulp-myth:HelpNow"
"toposort-class@1.0.1","MIT","git+https://github.com/gustavohenke/toposort","git+https://github.com/gustavohenke/toposort/raw/master/LICENSE","sequelize:HelpNow"
"touch@1.0.0","ISC","https://github.com/isaacs/node-touch","https://github.com/isaacs/node-touch/raw/master/LICENSE","nodemon:gulp-nodemon:HelpNow"
"tough-cookie@2.2.2","BSD-3-Clause","https://github.com/SalesforceEng/tough-cookie","https://github.com/SalesforceEng/tough-cookie","fsevents:chokidar:nodemon:gulp-nodemon:HelpNow"
"trim-newlines@1.0.0","MIT","git+https://github.com/sindresorhus/trim-newlines","git+https://github.com/sindresorhus/trim-newlines/raw/master/license","meow:dateformat:gulp-util:gulp:HelpNow"
"tunnel-agent@0.4.2","Apache-2.0","git+https://github.com/mikeal/tunnel-agent","git+https://github.com/mikeal/tunnel-agent/raw/master/LICENSE","fsevents:chokidar:nodemon:gulp-nodemon:HelpNow"
"tunnel-agent@0.4.3","Apache-2.0","git+https://github.com/mikeal/tunnel-agent","git+https://github.com/mikeal/tunnel-agent/raw/master/LICENSE","request:request-promise:HelpNow"
"tweetnacl@0.14.3","SEE LICENSE IN COPYING.txt","git+https://github.com/dchest/tweetnacl-js","git+https://github.com/dchest/tweetnacl-js","fsevents:chokidar:nodemon:gulp-nodemon:HelpNow"
"twitter@1.3.0","MIT","git+https://github.com/desmondmorris/node-twitter","git+https://github.com/desmondmorris/node-twitter/raw/master/LICENSE.md","HelpNow"
"type-is@1.6.13","MIT","git+https://github.com/jshttp/type-is","git+https://github.com/jshttp/type-is/raw/master/LICENSE","body-parser:HelpNow"
"typedarray@0.0.6","MIT","https://github.com/substack/typedarray","https://github.com/substack/typedarray/raw/master/LICENSE","concat-stream:base64url:jws:jsonwebtoken:passport-jwt:HelpNow"
"uglify-js@2.6.2","BSD-2-Clause","git+https://github.com/mishoo/UglifyJS2","git+https://github.com/mishoo/UglifyJS2/raw/master/LICENSE","gulp-uglify:HelpNow"
"uglify-save-license@0.4.1","MIT","git+https://github.com/shinnn/uglify-save-license","https://github.com/shinnn/uglify-save-license/blob/master/LICENSE","gulp-uglify:HelpNow"
"uglify-to-browserify@1.0.2","MIT","git+https://github.com/ForbesLindesay/uglify-to-browserify","git+https://github.com/ForbesLindesay/uglify-to-browserify/raw/master/LICENSE","uglify-js:gulp-uglify:HelpNow"
"uid-number@0.0.6","ISC","https://github.com/isaacs/uid-number","https://github.com/isaacs/uid-number/raw/master/LICENSE","fsevents:chokidar:nodemon:gulp-nodemon:HelpNow"
"undefsafe@0.0.3","MIT / http://rem.mit-license.org","https://github.com/remy/undefsafe","https://github.com/remy/undefsafe","nodemon:gulp-nodemon:HelpNow"
"underscore@1.4.2","UNKNOWN","https://github.com/documentcloud/underscore","https://github.com/documentcloud/underscore/raw/master/LICENSE","node-kmeans:HelpNow"
"underscore@1.7.0","MIT","https://github.com/jashkenas/underscore","https://raw.github.com/jashkenas/underscore/master/LICENSE","httpntlm:smtp-connection:nodemailer-direct-transport:nodemailer:HelpNow"
"unique-stream@1.0.0","BSD","git+https://github.com/eugeneware/unique-stream","git+https://github.com/eugeneware/unique-stream/raw/master/LICENSE","glob-stream:vinyl-fs:gulp:HelpNow"
"unpipe@1.0.0","MIT","git+https://github.com/stream-utils/unpipe","git+https://github.com/stream-utils/unpipe/raw/master/LICENSE","raw-body:body-parser:HelpNow"
"update-notifier@0.5.0","BSD-2-Clause","git+https://github.com/yeoman/update-notifier","git+https://github.com/yeoman/update-notifier","nodemon:gulp-nodemon:HelpNow"
"urix@0.1.0","MIT","https://github.com/lydell/urix","https://github.com/lydell/urix/raw/master/LICENSE","css:rework:myth:gulp-myth:HelpNow"
"user-home@1.1.1","MIT","git+https://github.com/sindresorhus/user-home","git+https://github.com/sindresorhus/user-home/raw/master/license","v8flags:gulp:HelpNow"
"util-deprecate@1.0.2","MIT","https://github.com/TooTallNate/util-deprecate","https://github.com/TooTallNate/util-deprecate/raw/master/LICENSE","readable-stream:through2:gulp-util:gulp:HelpNow"
"utils-merge@1.0.0","MIT","https://github.com/jaredhanson/utils-merge","http://www.opensource.org/licenses/MIT","express:HelpNow"
"uuid@2.0.2","MIT","git+https://github.com/shtylman/node-uuid","git+https://github.com/shtylman/node-uuid/raw/master/LICENSE.md","configstore:update-notifier:nodemon:gulp-nodemon:HelpNow"
"v8flags@2.0.11","MIT","https://github.com/tkellen/node-v8flags","https://github.com/tkellen/node-v8flags/blob/master/LICENSE","gulp:HelpNow"
"validate-npm-package-license@3.0.1","Apache-2.0","git+https://github.com/kemitchell/validate-npm-package-license.js","git+https://github.com/kemitchell/validate-npm-package-license.js/raw/master/LICENSE","normalize-package-data:meow:dateformat:gulp-util:gulp:HelpNow"
"validator@5.4.0","MIT","git+ssh://git@github.com/chriso/validator.js","git+ssh://git@github.com/chriso/validator.js/raw/master/LICENSE","sequelize:HelpNow"
"vary@1.0.1","MIT","git+https://github.com/jshttp/vary","git+https://github.com/jshttp/vary/raw/master/LICENSE","express:HelpNow"
"verror@1.3.6","UNKNOWN","https://github.com/davepacheco/node-verror","https://github.com/davepacheco/node-verror/raw/master/LICENSE","fsevents:chokidar:nodemon:gulp-nodemon:HelpNow"
"vinyl-fs@0.3.14","MIT","https://github.com/wearefractal/vinyl-fs","http://github.com/wearefractal/vinyl-fs/raw/master/LICENSE","gulp:HelpNow"
"vinyl-sourcemaps-apply@0.2.1","ISC","https://github.com/floridoo/vinyl-sourcemaps-apply","https://github.com/floridoo/vinyl-sourcemaps-apply","gulp-uglify:HelpNow"
"vinyl@0.4.6","MIT","https://github.com/wearefractal/vinyl","http://github.com/wearefractal/vinyl/raw/master/LICENSE","vinyl-fs:gulp:HelpNow"
"vinyl@0.5.3","MIT","https://github.com/wearefractal/vinyl","https://github.com/wearefractal/vinyl/raw/master/LICENSE","gulp-util:gulp:HelpNow"
"which@1.2.10","ISC","https://github.com/isaacs/node-which","https://github.com/isaacs/node-which/raw/master/LICENSE","global-prefix:global-modules:resolve-dir:findup-sync:liftoff:gulp:HelpNow"
"window-size@0.1.0","MIT","git+https://github.com/jonschlinkert/window-size","https://github.com/jonschlinkert/window-size/blob/master/LICENSE-MIT","yargs:uglify-js:gulp-uglify:HelpNow"
"wkx@0.2.0","MIT","git+ssh://git@github.com/cschwarz/wkx","git+ssh://git@github.com/cschwarz/wkx/raw/master/LICENSE.txt","sequelize:HelpNow"
"wordwrap@0.0.2","MIT/X11","https://github.com/substack/node-wordwrap","https://github.com/substack/node-wordwrap","cliui:yargs:uglify-js:gulp-uglify:HelpNow"
"wrappy@1.0.1","ISC","git+https://github.com/npm/wrappy","git+https://github.com/npm/wrappy/raw/master/LICENSE","inflight:glob:rimraf:fsevents:chokidar:nodemon:gulp-nodemon:HelpNow"
"wrappy@1.0.2","ISC","git+https://github.com/npm/wrappy","git+https://github.com/npm/wrappy/raw/master/LICENSE","once:end-of-stream:orchestrator:gulp:HelpNow"
"write-file-atomic@1.1.4","ISC","git+ssh://git@github.com/iarna/write-file-atomic","git+ssh://git@github.com/iarna/write-file-atomic/raw/master/LICENSE","configstore:update-notifier:nodemon:gulp-nodemon:HelpNow"
"write-file-stdout@0.0.2","MIT","https://github.com/ianstormtaylor/write-file-stdout","https://github.com/ianstormtaylor/write-file-stdout","myth:gulp-myth:HelpNow"
"xdg-basedir@2.0.0","MIT","git+https://github.com/sindresorhus/xdg-basedir","git+https://github.com/sindresorhus/xdg-basedir/raw/master/license","configstore:update-notifier:nodemon:gulp-nodemon:HelpNow"
"xml2js@0.4.15","MIT","git+https://github.com/Leonidas-from-XIV/node-xml2js","git+https://github.com/Leonidas-from-XIV/node-xml2js/raw/master/LICENSE","aws-sdk:nodemailer-ses-transport:HelpNow"
"xmlbuilder@2.6.2","MIT","https://github.com/oozcitak/xmlbuilder-js","https://github.com/oozcitak/xmlbuilder-js/raw/master/LICENSE","aws-sdk:nodemailer-ses-transport:HelpNow"
"xtend@4.0.1","MIT","https://github.com/Raynos/xtend","https://github.com/Raynos/xtend/raw/master/LICENCE","through2:gulp-util:gulp:HelpNow"
"yallist@2.0.0","ISC","git+https://github.com/isaacs/yallist","git+https://github.com/isaacs/yallist/raw/master/LICENSE","lru-cache:aws4:fsevents:chokidar:nodemon:gulp-nodemon:HelpNow"
"yargs@3.10.0","MIT","git+ssh://git@github.com/bcoe/yargs","git+ssh://git@github.com/bcoe/yargs/raw/master/LICENSE","uglify-js:gulp-uglify:HelpNow"